city,area,room_type,sharing,rent,deposit,room_size_sqft,food,wifi,ac,attached_bathroom,furnished,parking,cctv,power_backup
Delhi,Rohini,Double,2,17100,8600,220,No,Yes,Yes,Yes,Fully Furnished,No,Yes,Yes
Bengaluru,Koramangala,Double,2,11700,11700,220,Yes,Yes,Yes,Yes,Fully Furnished,No,Yes,No
Noida,Sector 76,Triple,3,8200,8200,340,Yes,Yes,No,No,Fully Furnished,No,Yes,No
Gurugram,DLF Phase 3,Double,2,14200,14200,190,No,Yes,No,No,Fully Furnished,No,No,Yes
Jaipur,Tonk Road,Single,1,13500,13500,140,Yes,Yes,No,Yes,Semi Furnished,No,Yes,Yes
Bengaluru,Marathahalli,Double,2,11300,11300,170,No,Yes,No,Yes,Semi Furnished,Yes,Yes,Yes
Mumbai,Bandra West,Single,1,20500,20500,140,No,Yes,No,Yes,Unfurnished,Yes,No,Yes
Lucknow,Gomti Nagar,Triple,3,7100,7100,400,Yes,Yes,Yes,Yes,Fully Furnished,Yes,Yes,No
Lucknow,Ashiyana,Single,1,12900,12900,280,Yes,Yes,No,Yes,Semi Furnished,No,Yes,Yes
Jaipur,Sodala,Double,2,6500,6500,300,Yes,Yes,No,No,Semi Furnished,No,Yes,No
Jaipur,Gopalpura,Triple,3,5400,8100,390,No,Yes,No,Yes,Semi Furnished,No,Yes,Yes
Prayagraj,Teliarganj,Four Sharing,4,4000,4000,370,No,Yes,Yes,Yes,Semi Furnished,Yes,No,Yes
Pune,Kothrud,Triple,3,6700,6700,290,Yes,Yes,No,Yes,Fully Furnished,No,No,Yes
Noida,Sector 137,Single,1,17100,25600,260,Yes,Yes,No,Yes,Semi Furnished,No,Yes,Yes
Prayagraj,Teliarganj,Triple,3,4300,4300,490,Yes,Yes,No,Yes,Fully Furnished,No,Yes,Yes
Noida,Sector 137,Triple,3,8400,8400,320,Yes,Yes,Yes,No,Semi Furnished,Yes,Yes,Yes
Jaipur,Mansarovar,Triple,3,5000,2500,440,Yes,Yes,No,Yes,Unfurnished,No,Yes,Yes
Noida,Sector 137,Double,2,9700,4800,220,Yes,Yes,Yes,Yes,Unfurnished,No,No,Yes
Lucknow,Hazratganj,Double,2,8000,16000,320,Yes,Yes,No,No,Semi Furnished,Yes,Yes,Yes
Gurugram,Sector 44,Triple,3,11900,11900,280,Yes,Yes,Yes,Yes,Fully Furnished,Yes,Yes,Yes
Gurugram,Sector 17,Single,1,24700,24700,230,Yes,Yes,No,Yes,Unfurnished,No,Yes,Yes
Hyderabad,Kondapur,Single,1,15200,22800,210,Yes,Yes,Yes,Yes,Fully Furnished,No,Yes,Yes
Delhi,Dwarka,Single,1,22100,33200,160,No,Yes,No,Yes,Semi Furnished,No,Yes,No
Mumbai,Ghatkopar,Single,1,23600,47200,250,No,Yes,No,Yes,Fully Furnished,No,Yes,Yes
Lucknow,Jankipuram,Triple,3,7200,7200,290,Yes,Yes,Yes,Yes,Fully Furnished,No,No,Yes
Pune,Viman Nagar,Four Sharing,4,7900,7900,300,Yes,Yes,Yes,Yes,Semi Furnished,No,Yes,Yes
Delhi,Saket,Single,1,28800,43200,230,Yes,Yes,Yes,Yes,Fully Furnished,Yes,No,Yes
Lucknow,Chinhat,Double,2,8000,16000,330,Yes,Yes,Yes,No,Fully Furnished,Yes,No,Yes
Gurugram,DLF Phase 2,Triple,3,10000,10000,320,Yes,Yes,No,Yes,Semi Furnished,Yes,Yes,Yes
Lucknow,Jankipuram,Double,2,7300,3600,270,No,Yes,No,Yes,Semi Furnished,Yes,Yes,Yes
Noida,Sector 15,Single,1,19700,9800,130,No,Yes,Yes,Yes,Semi Furnished,Yes,Yes,Yes
Jaipur,Malviya Nagar,Four Sharing,4,5600,5600,350,Yes,Yes,Yes,Yes,Semi Furnished,Yes,Yes,Yes
Hyderabad,Manikonda,Single,1,14000,14000,210,No,No,Yes,Yes,Semi Furnished,No,Yes,Yes
Hyderabad,Kukatpally,Double,2,8500,17000,360,Yes,No,No,Yes,Semi Furnished,No,Yes,Yes
Noida,Sector 63,Single,1,18400,18400,240,Yes,Yes,No,No,Fully Furnished,Yes,Yes,Yes
Prayagraj,Tagore Town,Double,2,6300,6300,270,Yes,Yes,Yes,No,Fully Furnished,No,Yes,No
Jaipur,Raja Park,Double,2,8700,13000,210,Yes,Yes,Yes,Yes,Semi Furnished,Yes,Yes,No
Mumbai,Chembur,Single,1,25700,25700,140,No,Yes,No,Yes,Fully Furnished,No,Yes,Yes
Bengaluru,Electronic City,Double,2,11200,22400,150,Yes,Yes,Yes,No,Fully Furnished,Yes,Yes,Yes
Mumbai,Thane,Double,2,14700,14700,180,No,Yes,Yes,Yes,Fully Furnished,No,Yes,Yes
Noida,Sector 18,Triple,3,7400,11100,230,Yes,Yes,No,Yes,Fully Furnished,No,Yes,Yes
Delhi,Karol Bagh,Single,1,29000,29000,230,Yes,Yes,Yes,No,Fully Furnished,Yes,Yes,Yes
Mumbai,Powai,Triple,3,12500,12500,180,No,Yes,Yes,No,Semi Furnished,No,Yes,Yes
Jaipur,C-Scheme,Single,1,12400,6200,120,Yes,Yes,Yes,Yes,Fully Furnished,No,Yes,Yes
Hyderabad,Hitech City,Triple,3,7000,7000,430,Yes,Yes,Yes,Yes,Semi Furnished,Yes,Yes,Yes
Gurugram,Sector 44,Double,2,16800,8400,280,Yes,No,Yes,No,Fully Furnished,No,Yes,Yes
Mumbai,Malad,Single,1,23500,35200,190,No,Yes,No,No,Fully Furnished,Yes,Yes,Yes
Delhi,Mukherjee Nagar,Double,2,14700,22000,240,Yes,Yes,No,Yes,Unfurnished,Yes,Yes,Yes
Hyderabad,Manikonda,Single,1,14000,21000,260,No,Yes,Yes,No,Semi Furnished,No,Yes,Yes
Gurugram,Sector 43,Triple,3,9100,13600,310,Yes,Yes,No,Yes,Fully Furnished,Yes,Yes,No
Lucknow,Gomti Nagar,Double,2,7300,11000,310,Yes,Yes,No,Yes,Semi Furnished,Yes,Yes,Yes
Jaipur,Tonk Road,Triple,3,5800,5800,220,No,Yes,No,Yes,Fully Furnished,No,Yes,Yes
Noida,Sector 137,Double,2,9900,9900,170,No,Yes,Yes,Yes,Fully Furnished,No,Yes,Yes
Noida,Sector 52,Double,2,11100,16600,390,No,Yes,Yes,No,Fully Furnished,No,No,Yes
Noida,Sector 15,Double,2,12800,12800,370,Yes,Yes,Yes,Yes,Fully Furnished,Yes,Yes,Yes
Prayagraj,Salori,Double,2,5400,5400,220,Yes,Yes,No,Yes,Fully Furnished,No,Yes,No
Noida,Sector 51,Double,2,12500,12500,230,No,Yes,Yes,Yes,Fully Furnished,No,Yes,Yes
Pune,Koregaon Park,Double,2,10300,5200,260,No,Yes,No,No,Fully Furnished,No,Yes,Yes
Gurugram,Sector 49,Double,2,17600,17600,350,Yes,Yes,Yes,Yes,Fully Furnished,Yes,Yes,Yes
Delhi,Mukherjee Nagar,Single,1,28300,42400,210,No,Yes,Yes,Yes,Semi Furnished,No,Yes,Yes
Bengaluru,HSR Layout,Single,1,17600,17600,120,No,Yes,Yes,No,Semi Furnished,Yes,Yes,No
Hyderabad,Secunderabad,Single,1,14200,14200,190,Yes,Yes,No,Yes,Fully Furnished,Yes,Yes,Yes
Noida,Sector 51,Single,1,20900,20900,220,Yes,No,Yes,Yes,Semi Furnished,Yes,No,Yes
Lucknow,Gomti Nagar,Triple,3,6800,10200,490,Yes,Yes,Yes,No,Semi Furnished,Yes,Yes,Yes
Delhi,Vijay Nagar,Double,2,15500,23200,280,Yes,Yes,No,Yes,Unfurnished,Yes,Yes,Yes
Delhi,Dwarka,Double,2,17800,35600,270,Yes,No,Yes,No,Fully Furnished,No,Yes,Yes
Noida,Sector 18,Single,1,14000,14000,130,No,Yes,No,No,Semi Furnished,No,Yes,Yes
Delhi,Hauz Khas,Single,1,25200,37800,240,No,Yes,No,Yes,Semi Furnished,Yes,Yes,Yes
Noida,Sector 27,Triple,3,8400,16800,380,No,Yes,No,Yes,Semi Furnished,No,Yes,Yes
Noida,Sector 62,Single,1,16700,25000,190,Yes,No,No,Yes,Semi Furnished,No,Yes,Yes
Gurugram,Sector 15,Single,1,28200,28200,150,Yes,Yes,Yes,Yes,Fully Furnished,Yes,Yes,Yes
Prayagraj,Naini,Double,2,6000,6000,150,No,Yes,No,Yes,Semi Furnished,Yes,Yes,Yes
Gurugram,Sector 21,Single,1,20300,30400,160,Yes,Yes,No,Yes,Fully Furnished,No,Yes,Yes
Jaipur,Mansarovar,Four Sharing,4,4600,6900,450,No,Yes,Yes,Yes,Fully Furnished,Yes,Yes,Yes
Noida,Sector 15,Four Sharing,4,7800,3900,230,Yes,No,Yes,Yes,Fully Furnished,No,Yes,No
Delhi,Rajouri Garden,Single,1,22800,22800,230,Yes,Yes,Yes,No,Fully Furnished,No,Yes,No
Noida,Sector 63,Double,2,9200,9200,320,No,Yes,No,No,Unfurnished,Yes,Yes,Yes
Jaipur,Malviya Nagar,Double,2,7500,15000,180,Yes,Yes,No,Yes,Unfurnished,No,Yes,Yes
Gurugram,Sector 15,Four Sharing,4,9300,14000,230,No,Yes,Yes,Yes,Semi Furnished,Yes,Yes,No
Noida,Sector 76,Single,1,15900,23800,260,Yes,Yes,No,Yes,Fully Furnished,Yes,No,Yes
Jaipur,C-Scheme,Triple,3,5900,8800,350,Yes,Yes,No,Yes,Fully Furnished,Yes,Yes,Yes
Gurugram,Sector 49,Double,2,13400,13400,340,No,Yes,No,No,Fully Furnished,No,Yes,Yes
Bengaluru,Bellandur,Double,2,10800,5400,310,No,Yes,Yes,Yes,Unfurnished,No,Yes,No
Noida,Sector 18,Double,2,11500,5800,290,No,Yes,Yes,No,Fully Furnished,No,Yes,Yes
Pune,Wakad,Double,2,10500,10500,290,Yes,No,No,No,Unfurnished,No,Yes,Yes
Noida,Sector 52,Triple,3,7600,3800,370,Yes,Yes,No,Yes,Fully Furnished,Yes,Yes,Yes
Delhi,Dwarka,Double,2,14600,14600,300,Yes,Yes,Yes,Yes,Semi Furnished,No,Yes,Yes
Pune,Viman Nagar,Single,1,13000,19500,230,No,Yes,No,No,Fully Furnished,No,Yes,Yes
Mumbai,Bandra West,Double,2,18400,9200,190,Yes,Yes,Yes,Yes,Fully Furnished,No,Yes,Yes
Pune,Baner,Triple,3,8800,17600,390,No,Yes,Yes,Yes,Fully Furnished,No,Yes,No
Gurugram,DLF Phase 2,Single,1,22800,22800,200,Yes,Yes,Yes,No,Fully Furnished,Yes,Yes,Yes
Hyderabad,Hitech City,Double,2,6800,6800,350,No,Yes,Yes,No,Unfurnished,Yes,Yes,Yes
Bengaluru,Bellandur,Double,2,10400,10400,330,Yes,Yes,Yes,No,Fully Furnished,Yes,Yes,Yes
Hyderabad,Kondapur,Single,1,15700,15700,230,No,Yes,Yes,Yes,Fully Furnished,Yes,No,Yes
Hyderabad,Begumpet,Triple,3,8200,8200,410,No,Yes,Yes,Yes,Fully Furnished,No,Yes,No
Lucknow,Chinhat,Triple,3,4700,9400,300,No,Yes,No,No,Semi Furnished,No,Yes,Yes
Delhi,Rohini,Double,2,14400,14400,160,Yes,Yes,No,Yes,Semi Furnished,No,Yes,No
Jaipur,Pratap Nagar,Double,2,7200,14400,330,No,Yes,Yes,No,Semi Furnished,No,Yes,No
Delhi,Karol Bagh,Single,1,22900,34400,290,Yes,No,No,No,Semi Furnished,Yes,Yes,Yes
Noida,Sector 15,Double,2,11600,23200,260,No,No,Yes,Yes,Semi Furnished,Yes,Yes,Yes
Gurugram,Sector 15,Single,1,27100,27100,240,No,Yes,Yes,Yes,Semi Furnished,Yes,Yes,Yes
Noida,Sector 62,Triple,3,8800,8800,190,No,Yes,Yes,No,Semi Furnished,No,Yes,Yes
Lucknow,Indira Nagar,Single,1,16300,16300,150,Yes,Yes,Yes,Yes,Semi Furnished,Yes,Yes,Yes
Prayagraj,Katra,Four Sharing,4,3100,4600,520,Yes,Yes,No,No,Fully Furnished,No,No,No
Prayagraj,Old Katra,Triple,3,5600,11200,190,No,No,Yes,Yes,Semi Furnished,No,Yes,Yes
Hyderabad,Kukatpally,Double,2,6600,6600,380,Yes,Yes,No,No,Unfurnished,Yes,Yes,Yes
Delhi,Laxmi Nagar,Double,2,15800,31600,320,Yes,Yes,No,Yes,Semi Furnished,Yes,Yes,Yes
Noida,Sector 51,Single,1,17900,17900,180,Yes,Yes,No,Yes,Fully Furnished,No,Yes,Yes
Gurugram,Sector 49,Double,2,13800,13800,370,No,Yes,No,No,Fully Furnished,Yes,Yes,Yes
Prayagraj,Ashok Nagar,Triple,3,4900,4900,380,No,Yes,No,Yes,Semi Furnished,Yes,Yes,Yes
Lucknow,Vikas Nagar,Single,1,16100,24200,190,Yes,Yes,Yes,No,Fully Furnished,Yes,Yes,Yes
Pune,Hadapsar,Double,2,7800,3900,350,Yes,Yes,No,No,Unfurnished,No,No,Yes
Mumbai,Powai,Double,2,16100,32200,280,Yes,No,Yes,Yes,Unfurnished,No,Yes,Yes
Pune,FC Road,Triple,3,6400,6400,490,No,Yes,No,No,Fully Furnished,No,Yes,Yes
Lucknow,Ashiyana,Triple,3,5900,8800,380,Yes,Yes,No,Yes,Semi Furnished,Yes,Yes,Yes
Mumbai,Andheri West,Triple,3,9700,19400,460,No,Yes,Yes,No,Unfurnished,Yes,Yes,Yes
Bengaluru,Marathahalli,Double,2,10200,20400,370,Yes,Yes,No,No,Semi Furnished,Yes,Yes,Yes
Bengaluru,Koramangala,Double,2,11300,22600,350,Yes,Yes,No,Yes,Semi Furnished,No,Yes,Yes
Mumbai,Thane,Single,1,25200,25200,260,Yes,Yes,Yes,Yes,Unfurnished,Yes,Yes,No
Mumbai,Ghatkopar,Double,2,13700,27400,220,No,Yes,No,No,Fully Furnished,Yes,No,Yes
Pune,Koregaon Park,Double,2,12300,12300,300,Yes,Yes,Yes,Yes,Semi Furnished,Yes,Yes,Yes
Delhi,South Extension,Double,2,14200,14200,160,No,Yes,No,Yes,Unfurnished,No,No,Yes
Noida,Sector 15,Single,1,17400,8700,200,No,Yes,Yes,Yes,Semi Furnished,Yes,Yes,Yes
Gurugram,Sector 21,Single,1,26800,26800,160,No,Yes,Yes,Yes,Fully Furnished,Yes,Yes,No
Hyderabad,Kukatpally,Double,2,10400,5200,300,No,No,Yes,Yes,Fully Furnished,Yes,Yes,Yes
Noida,Sector 62,Single,1,14700,14700,270,No,Yes,No,No,Semi Furnished,No,Yes,Yes
Delhi,Mukherjee Nagar,Four Sharing,4,9400,14100,240,Yes,Yes,No,No,Fully Furnished,Yes,Yes,Yes
Delhi,Mukherjee Nagar,Double,2,14800,22200,220,Yes,Yes,No,Yes,Fully Furnished,Yes,Yes,No
Jaipur,Pratap Nagar,Double,2,7900,11800,260,No,Yes,No,Yes,Fully Furnished,Yes,No,No
Mumbai,Andheri West,Triple,3,12900,19400,270,Yes,Yes,Yes,Yes,Semi Furnished,No,Yes,Yes
Mumbai,Bandra West,Single,1,28600,28600,260,Yes,Yes,Yes,Yes,Semi Furnished,Yes,Yes,Yes
Bengaluru,HSR Layout,Four Sharing,4,7800,15600,480,Yes,Yes,Yes,Yes,Fully Furnished,No,Yes,Yes
Gurugram,Sector 21,Single,1,23300,23300,120,Yes,Yes,Yes,No,Fully Furnished,No,No,Yes
Prayagraj,Naini,Triple,3,4100,4100,400,No,Yes,No,Yes,Fully Furnished,No,No,Yes
Hyderabad,Madhapur,Single,1,13300,13300,190,No,Yes,Yes,Yes,Semi Furnished,Yes,Yes,Yes
Jaipur,Pratap Nagar,Four Sharing,4,5300,5300,540,Yes,No,Yes,Yes,Fully Furnished,Yes,Yes,Yes
Delhi,Rajouri Garden,Double,2,15400,30800,220,Yes,Yes,No,Yes,Fully Furnished,Yes,Yes,Yes
Gurugram,DLF Phase 2,Double,2,14300,7200,320,Yes,No,No,Yes,Fully Furnished,No,No,Yes
Gurugram,Sector 49,Double,2,16400,16400,380,Yes,Yes,Yes,No,Semi Furnished,Yes,Yes,Yes
Pune,FC Road,Double,2,11900,23800,200,Yes,Yes,Yes,Yes,Fully Furnished,No,No,Yes
Delhi,Laxmi Nagar,Triple,3,11900,6000,270,Yes,Yes,Yes,No,Unfurnished,Yes,Yes,Yes
Jaipur,Malviya Nagar,Single,1,11000,16500,130,No,Yes,Yes,Yes,Fully Furnished,No,Yes,Yes
Delhi,South Extension,Four Sharing,4,10100,15200,430,No,Yes,Yes,Yes,Fully Furnished,No,Yes,Yes
Pune,Hinjewadi,Triple,3,9600,19200,270,Yes,Yes,Yes,Yes,Fully Furnished,Yes,Yes,Yes
Lucknow,Jankipuram,Four Sharing,4,5600,8400,460,No,Yes,No,Yes,Fully Furnished,Yes,Yes,No
Bengaluru,BTM Layout,Single,1,19400,38800,240,Yes,Yes,No,No,Semi Furnished,Yes,Yes,Yes
Hyderabad,Kukatpally,Double,2,8000,4000,390,Yes,Yes,Yes,Yes,Fully Furnished,Yes,No,No
Noida,Sector 63,Triple,3,9500,9500,320,Yes,Yes,Yes,Yes,Semi Furnished,Yes,No,Yes
Noida,Sector 18,Single,1,19800,9900,160,Yes,Yes,Yes,Yes,Semi Furnished,No,No,Yes
Hyderabad,Madhapur,Single,1,14300,28600,180,Yes,Yes,Yes,Yes,Fully Furnished,No,Yes,Yes
Pune,Hinjewadi,Double,2,11000,22000,260,Yes,No,Yes,Yes,Fully Furnished,Yes,Yes,Yes
Noida,Sector 27,Triple,3,7600,15200,360,Yes,Yes,Yes,No,Unfurnished,No,No,Yes
Mumbai,Vikhroli,Single,1,24500,36800,290,Yes,Yes,Yes,Yes,Semi Furnished,Yes,Yes,Yes
Mumbai,Goregaon,Single,1,29300,58600,240,Yes,Yes,Yes,Yes,Fully Furnished,No,Yes,No
Noida,Sector 137,Triple,3,7000,7000,460,Yes,Yes,No,Yes,Semi Furnished,No,Yes,Yes
Lucknow,Jankipuram,Single,1,11200,11200,140,Yes,Yes,No,Yes,Unfurnished,Yes,Yes,Yes
Pune,Viman Nagar,Triple,3,8600,8600,290,No,Yes,Yes,No,Semi Furnished,Yes,No,Yes
Noida,Sector 137,Single,1,17200,34400,210,Yes,Yes,No,Yes,Semi Furnished,Yes,Yes,Yes
Bengaluru,Bellandur,Single,1,14700,14700,280,No,No,No,Yes,Semi Furnished,No,Yes,Yes
Gurugram,Sector 49,Triple,3,9300,9300,240,No,Yes,Yes,No,Semi Furnished,No,Yes,Yes
Gurugram,Sector 15,Single,1,20500,10200,250,No,Yes,No,Yes,Fully Furnished,Yes,Yes,Yes
Gurugram,Sector 44,Triple,3,12200,6100,360,Yes,Yes,No,Yes,Unfurnished,Yes,Yes,Yes
Delhi,South Extension,Double,2,14800,14800,250,No,Yes,Yes,No,Fully Furnished,Yes,Yes,Yes
Noida,Sector 15,Triple,3,9900,9900,370,Yes,Yes,Yes,Yes,Fully Furnished,No,Yes,Yes
Gurugram,Sector 43,Single,1,22100,22100,120,Yes,Yes,Yes,Yes,Unfurnished,No,Yes,Yes
Prayagraj,Salori,Single,1,8400,8400,200,Yes,Yes,Yes,Yes,Unfurnished,No,Yes,Yes
Bengaluru,HSR Layout,Triple,3,8600,17200,390,No,Yes,Yes,Yes,Semi Furnished,Yes,Yes,No
Prayagraj,Tagore Town,Triple,3,5300,10600,190,Yes,Yes,Yes,Yes,Fully Furnished,No,Yes,No
Bengaluru,BTM Layout,Single,1,19700,9800,220,No,No,Yes,Yes,Semi Furnished,Yes,No,Yes
Lucknow,Hazratganj,Triple,3,5800,8700,220,Yes,No,Yes,Yes,Semi Furnished,No,Yes,Yes
Hyderabad,Madhapur,Double,2,10200,10200,300,Yes,Yes,Yes,No,Semi Furnished,No,Yes,Yes
Lucknow,Aliganj,Triple,3,7000,7000,380,Yes,Yes,Yes,Yes,Fully Furnished,No,Yes,Yes
Gurugram,Sector 49,Single,1,28600,42900,200,No,Yes,Yes,Yes,Fully Furnished,Yes,Yes,Yes
Lucknow,Indira Nagar,Single,1,16200,24300,230,Yes,Yes,Yes,Yes,Fully Furnished,Yes,Yes,Yes
Prayagraj,Tagore Town,Double,2,5900,11800,240,Yes,Yes,Yes,Yes,Fully Furnished,Yes,Yes,Yes
Delhi,South Extension,Triple,3,10300,20600,210,No,Yes,No,Yes,Semi Furnished,No,Yes,No
Bengaluru,HSR Layout,Double,2,10800,5400,240,No,No,No,No,Fully Furnished,Yes,No,Yes
Lucknow,Mahanagar,Single,1,12500,12500,200,No,Yes,Yes,No,Unfurnished,No,Yes,No
Gurugram,Sector 15,Double,2,16700,33400,370,No,Yes,Yes,Yes,Fully Furnished,Yes,Yes,No
Delhi,Saket,Single,1,23000,46000,120,No,Yes,No,No,Fully Furnished,No,Yes,Yes
Bengaluru,Whitefield,Double,2,12800,19200,170,Yes,Yes,Yes,No,Semi Furnished,No,Yes,Yes
Mumbai,Malad,Four Sharing,4,9800,14700,380,No,Yes,Yes,Yes,Unfurnished,Yes,Yes,Yes
Prayagraj,Teliarganj,Triple,3,4300,8600,420,Yes,Yes,No,Yes,Fully Furnished,No,Yes,Yes
Delhi,Rajouri Garden,Double,2,15500,23200,180,Yes,Yes,Yes,Yes,Fully Furnished,Yes,Yes,Yes
Gurugram,Sector 49,Single,1,23500,35200,280,No,Yes,No,No,Semi Furnished,Yes,Yes,Yes
Delhi,Mukherjee Nagar,Double,2,18400,9200,270,Yes,Yes,Yes,Yes,Fully Furnished,Yes,Yes,Yes
Noida,Sector 16,Single,1,18600,9300,140,Yes,No,Yes,Yes,Fully Furnished,Yes,Yes,Yes
Hyderabad,Begumpet,Single,1,15300,15300,130,Yes,Yes,No,Yes,Semi Furnished,No,Yes,Yes
Noida,Sector 16,Single,1,17800,35600,140,No,Yes,Yes,Yes,Semi Furnished,Yes,Yes,Yes
Delhi,Laxmi Nagar,Double,2,14800,14800,300,Yes,Yes,No,Yes,Semi Furnished,Yes,Yes,Yes
Noida,Sector 137,Four Sharing,4,7100,3600,570,Yes,Yes,Yes,No,Semi Furnished,Yes,Yes,Yes
Pune,Wakad,Double,2,11500,11500,230,No,Yes,Yes,Yes,Semi Furnished,Yes,Yes,Yes
Jaipur,Vaishali Nagar,Four Sharing,4,5600,8400,470,Yes,Yes,Yes,No,Semi Furnished,Yes,Yes,No
Gurugram,Sector 15,Single,1,25700,25700,150,Yes,Yes,Yes,Yes,Semi Furnished,Yes,No,Yes
Noida,Sector 51,Single,1,17600,35200,260,No,Yes,No,Yes,Fully Furnished,Yes,Yes,Yes
Noida,Sector 52,Single,1,16600,33200,250,No,Yes,No,Yes,Fully Furnished,Yes,Yes,Yes
Hyderabad,Kukatpally,Single,1,15000,15000,140,No,Yes,Yes,Yes,Fully Furnished,Yes,Yes,No
Gurugram,Sector 14,Double,2,13900,13900,230,Yes,Yes,Yes,Yes,Semi Furnished,Yes,Yes,No
Noida,Sector 137,Triple,3,9100,9100,390,No,No,Yes,Yes,Fully Furnished,Yes,Yes,Yes
Delhi,Mukherjee Nagar,Double,2,15100,7600,190,Yes,Yes,No,Yes,Unfurnished,Yes,Yes,Yes
Lucknow,Hazratganj,Double,2,7400,7400,220,Yes,Yes,No,Yes,Fully Furnished,Yes,Yes,Yes
Noida,Sector 51,Double,2,9300,4600,350,Yes,Yes,No,Yes,Unfurnished,No,Yes,Yes
Noida,Sector 62,Double,2,11100,11100,240,Yes,Yes,No,Yes,Fully Furnished,Yes,Yes,Yes
Prayagraj,Civil Lines,Triple,3,5400,2700,240,Yes,Yes,Yes,Yes,Fully Furnished,Yes,Yes,Yes
Mumbai,Ghatkopar,Double,2,14900,7400,330,No,Yes,No,Yes,Fully Furnished,Yes,Yes,Yes
Bengaluru,JP Nagar,Single,1,19500,39000,290,Yes,Yes,No,Yes,Fully Furnished,Yes,Yes,No
Delhi,Karol Bagh,Triple,3,13400,13400,250,No,Yes,Yes,No,Fully Furnished,Yes,Yes,Yes
Delhi,Mukherjee Nagar,Single,1,27600,55200,150,Yes,Yes,No,Yes,Semi Furnished,Yes,Yes,No
Gurugram,DLF Phase 3,Single,1,24600,12300,170,Yes,Yes,Yes,Yes,Semi Furnished,No,Yes,Yes
Mumbai,Andheri West,Triple,3,12500,12500,340,Yes,Yes,No,Yes,Fully Furnished,Yes,Yes,Yes
Delhi,Saket,Double,2,13800,13800,340,No,Yes,No,Yes,Fully Furnished,No,No,Yes
Noida,Sector 51,Single,1,16300,16300,230,Yes,Yes,Yes,Yes,Semi Furnished,No,No,Yes
Delhi,Laxmi Nagar,Triple,3,12500,18800,350,No,Yes,No,Yes,Fully Furnished,Yes,Yes,Yes
Delhi,Saket,Double,2,14900,29800,220,Yes,No,No,Yes,Fully Furnished,Yes,Yes,No
Delhi,Karol Bagh,Single,1,20600,20600,130,No,Yes,No,No,Semi Furnished,Yes,Yes,Yes
Delhi,Vijay Nagar,Double,2,18600,18600,260,Yes,Yes,Yes,Yes,Semi Furnished,No,Yes,Yes
Noida,Sector 63,Double,2,12600,6300,310,Yes,Yes,Yes,Yes,Fully Furnished,Yes,Yes,Yes
Gurugram,DLF Phase 3,Single,1,27700,27700,160,Yes,Yes,Yes,Yes,Fully Furnished,No,Yes,No
Pune,Aundh,Triple,3,8500,4200,220,Yes,Yes,No,Yes,Semi Furnished,No,Yes,Yes
Jaipur,Raja Park,Triple,3,5700,8600,420,Yes,Yes,Yes,Yes,Fully Furnished,Yes,Yes,Yes
Delhi,Karol Bagh,Double,2,16400,24600,330,Yes,Yes,Yes,Yes,Semi Furnished,Yes,Yes,No
Noida,Sector 51,Single,1,16100,16100,240,No,Yes,No,Yes,Semi Furnished,No,Yes,Yes
Jaipur,Sodala,Single,1,10400,15600,280,Yes,Yes,Yes,Yes,Unfurnished,Yes,Yes,Yes
Lucknow,Vikas Nagar,Double,2,5600,2800,370,No,Yes,No,No,Unfurnished,Yes,Yes,Yes
Hyderabad,Hitech City,Triple,3,6500,9800,270,Yes,Yes,Yes,No,Fully Furnished,Yes,Yes,Yes
Bengaluru,Whitefield,Double,2,13700,13700,200,Yes,Yes,Yes,Yes,Semi Furnished,Yes,Yes,Yes
Lucknow,Jankipuram,Double,2,8200,8200,380,No,Yes,No,Yes,Fully Furnished,Yes,Yes,Yes
Mumbai,Ghatkopar,Double,2,16200,16200,380,Yes,No,No,Yes,Fully Furnished,Yes,No,Yes
Pune,Hinjewadi,Single,1,15800,31600,210,Yes,Yes,No,Yes,Semi Furnished,Yes,Yes,Yes
Noida,Sector 18,Double,2,12100,24200,320,Yes,Yes,Yes,No,Fully Furnished,Yes,Yes,No
Jaipur,Jagatpura,Double,2,7500,11200,300,Yes,Yes,Yes,Yes,Fully Furnished,Yes,Yes,Yes
Delhi,Vijay Nagar,Four Sharing,4,11000,16500,320,Yes,Yes,Yes,No,Unfurnished,Yes,No,Yes
Delhi,Laxmi Nagar,Double,2,13500,6800,210,No,No,No,Yes,Fully Furnished,No,No,Yes
Mumbai,Goregaon,Four Sharing,4,9600,4800,530,No,Yes,No,Yes,Semi Furnished,Yes,Yes,Yes
Bengaluru,Hebbal,Double,2,9200,9200,340,Yes,Yes,No,Yes,Fully Furnished,No,Yes,Yes
Delhi,South Extension,Double,2,17600,8800,260,Yes,No,Yes,No,Fully Furnished,No,Yes,Yes
Noida,Sector 51,Double,2,9400,9400,160,Yes,Yes,No,Yes,Semi Furnished,No,Yes,Yes
Hyderabad,Miyapur,Double,2,7600,11400,200,No,Yes,Yes,Yes,Semi Furnished,Yes,Yes,Yes
Noida,Sector 63,Double,2,11800,17700,350,No,Yes,Yes,Yes,Semi Furnished,No,No,Yes
Prayagraj,Allahpur,Single,1,8300,8300,290,No,Yes,Yes,Yes,Unfurnished,No,Yes,No
Noida,Sector 62,Single,1,17800,8900,160,Yes,Yes,Yes,Yes,Semi Furnished,No,Yes,Yes
Gurugram,Sector 21,Double,2,15600,15600,270,Yes,Yes,No,Yes,Fully Furnished,No,Yes,No
Noida,Sector 76,Double,2,9800,4900,330,Yes,Yes,Yes,Yes,Fully Furnished,No,Yes,No
Prayagraj,Ashok Nagar,Triple,3,4200,4200,220,No,Yes,No,Yes,Semi Furnished,No,Yes,Yes
Pune,Wakad,Single,1,16100,24200,180,No,No,Yes,Yes,Semi Furnished,Yes,Yes,Yes
Mumbai,Vikhroli,Double,2,16700,16700,220,Yes,Yes,Yes,Yes,Fully Furnished,Yes,Yes,No
Delhi,Rohini,Double,2,13900,20800,360,Yes,Yes,No,No,Fully Furnished,Yes,Yes,Yes
Lucknow,Gomti Nagar,Triple,3,6200,12400,290,Yes,Yes,No,Yes,Fully Furnished,Yes,Yes,No
Jaipur,C-Scheme,Triple,3,6100,12200,360,No,Yes,Yes,Yes,Fully Furnished,No,Yes,Yes
Mumbai,Andheri West,Double,2,13200,13200,260,No,Yes,No,Yes,Semi Furnished,Yes,Yes,Yes
Gurugram,Sector 15,Double,2,13100,13100,220,Yes,Yes,No,Yes,Semi Furnished,Yes,Yes,Yes
Gurugram,Sector 17,Four Sharing,4,10200,15300,460,No,Yes,No,Yes,Fully Furnished,Yes,Yes,Yes
Jaipur,Mansarovar,Double,2,8100,16200,330,No,No,Yes,No,Semi Furnished,No,Yes,Yes
Gurugram,Sector 44,Double,2,13200,19800,340,No,Yes,No,No,Unfurnished,Yes,Yes,Yes
Prayagraj,Civil Lines,Single,1,7600,11400,170,Yes,Yes,No,Yes,Unfurnished,No,Yes,Yes
Bengaluru,Hebbal,Double,2,12300,12300,270,Yes,Yes,Yes,Yes,Fully Furnished,Yes,No,Yes
Hyderabad,Hitech City,Single,1,14200,21300,230,No,Yes,No,Yes,Semi Furnished,No,Yes,No
Noida,Sector 76,Triple,3,8400,8400,410,No,Yes,No,Yes,Semi Furnished,Yes,Yes,Yes
Bengaluru,Koramangala,Double,2,10900,10900,300,No,Yes,No,Yes,Unfurnished,No,Yes,Yes
Delhi,Karol Bagh,Triple,3,10700,5400,330,No,Yes,No,Yes,Fully Furnished,Yes,Yes,Yes
Delhi,Dwarka,Double,2,15900,15900,180,Yes,No,Yes,No,Fully Furnished,Yes,Yes,Yes
Bengaluru,BTM Layout,Double,2,12200,24400,240,Yes,Yes,Yes,Yes,Semi Furnished,Yes,Yes,No
Lucknow,Mahanagar,Single,1,11900,17800,290,No,No,Yes,Yes,Unfurnished,No,Yes,Yes
Mumbai,Bandra West,Four Sharing,4,9900,5000,540,Yes,Yes,No,Yes,Semi Furnished,Yes,Yes,Yes
Noida,Sector 52,Triple,3,9400,14100,280,Yes,Yes,Yes,Yes,Semi Furnished,Yes,Yes,Yes
Gurugram,Sector 46,Four Sharing,4,11100,16600,350,Yes,Yes,Yes,Yes,Fully Furnished,No,No,Yes
Noida,Sector 51,Double,2,10100,20200,320,Yes,Yes,No,No,Semi Furnished,Yes,Yes,Yes
Jaipur,Pratap Nagar,Triple,3,4900,4900,210,No,Yes,No,Yes,Unfurnished,No,Yes,Yes
Gurugram,Sector 21,Triple,3,12800,19200,190,No,Yes,Yes,Yes,Semi Furnished,Yes,No,Yes
Delhi,South Extension,Double,2,18800,18800,180,Yes,Yes,Yes,Yes,Semi Furnished,Yes,Yes,Yes
Delhi,Hauz Khas,Double,2,16300,24400,370,No,Yes,No,Yes,Semi Furnished,No,Yes,Yes
Prayagraj,Salori,Double,2,4400,4400,390,Yes,Yes,No,Yes,Semi Furnished,Yes,Yes,Yes
Delhi,Dwarka,Triple,3,11900,6000,440,No,Yes,Yes,Yes,Semi Furnished,Yes,Yes,Yes
Pune,FC Road,Double,2,13000,19500,150,Yes,Yes,Yes,Yes,Fully Furnished,Yes,Yes,No
Pune,Baner,Triple,3,9100,13600,220,No,Yes,Yes,Yes,Semi Furnished,Yes,Yes,No
Jaipur,Tonk Road,Triple,3,5600,8400,460,Yes,Yes,No,Yes,Semi Furnished,Yes,No,No
Gurugram,Sector 14,Single,1,23900,12000,230,No,Yes,No,No,Fully Furnished,No,Yes,Yes
Jaipur,Pratap Nagar,Triple,3,5900,5900,180,Yes,No,Yes,Yes,Fully Furnished,No,Yes,Yes
Gurugram,DLF Phase 2,Double,2,12900,12900,340,No,Yes,No,Yes,Semi Furnished,Yes,Yes,Yes
Pune,Viman Nagar,Triple,3,7200,7200,420,No,Yes,Yes,Yes,Semi Furnished,Yes,Yes,Yes
Pune,Wakad,Triple,3,8300,8300,270,Yes,Yes,Yes,Yes,Unfurnished,No,Yes,Yes
Pune,Hadapsar,Single,1,16000,24000,290,No,Yes,No,Yes,Fully Furnished,Yes,Yes,No
Noida,Sector 51,Four Sharing,4,6900,6900,220,Yes,Yes,No,No,Fully Furnished,No,Yes,Yes
Hyderabad,Gachibowli,Triple,3,7000,7000,410,No,Yes,No,No,Fully Furnished,Yes,Yes,Yes
Delhi,Rohini,Single,1,26000,26000,130,Yes,Yes,Yes,Yes,Fully Furnished,No,Yes,No
Prayagraj,Teliarganj,Double,2,4200,4200,320,No,Yes,No,No,Fully Furnished,No,Yes,No
Lucknow,Chinhat,Double,2,8200,12300,260,Yes,Yes,Yes,Yes,Semi Furnished,No,Yes,Yes
Pune,Wakad,Single,1,19200,9600,170,Yes,Yes,Yes,Yes,Fully Furnished,Yes,No,Yes
Lucknow,Vikas Nagar,Triple,3,5500,11000,400,No,Yes,Yes,No,Semi Furnished,Yes,Yes,Yes
Noida,Sector 51,Single,1,19900,10000,140,Yes,Yes,Yes,No,Fully Furnished,No,Yes,Yes
Jaipur,Mansarovar,Triple,3,4200,8400,190,No,Yes,No,No,Fully Furnished,Yes,Yes,Yes
Bengaluru,Bellandur,Double,2,9300,14000,210,Yes,Yes,Yes,No,Fully Furnished,Yes,Yes,Yes
Delhi,Rajouri Garden,Double,2,13500,27000,260,No,Yes,Yes,Yes,Semi Furnished,No,Yes,Yes
Noida,Sector 51,Double,2,9900,9900,350,No,Yes,Yes,No,Fully Furnished,No,Yes,Yes
Hyderabad,Miyapur,Double,2,8900,17800,270,Yes,Yes,No,Yes,Unfurnished,Yes,No,Yes
Bengaluru,Bellandur,Four Sharing,4,6700,6700,310,No,Yes,No,No,Fully Furnished,No,Yes,Yes
Jaipur,Raja Park,Double,2,7800,3900,170,Yes,Yes,No,Yes,Fully Furnished,Yes,Yes,Yes
Delhi,Laxmi Nagar,Double,2,17100,34200,200,Yes,Yes,Yes,Yes,Semi Furnished,Yes,Yes,Yes
Bengaluru,HSR Layout,Triple,3,9300,18600,230,No,Yes,Yes,Yes,Fully Furnished,Yes,Yes,No
Delhi,Hauz Khas,Single,1,28600,57200,200,Yes,Yes,No,Yes,Fully Furnished,Yes,Yes,No
Bengaluru,Bellandur,Single,1,20000,20000,120,No,Yes,Yes,Yes,Fully Furnished,No,Yes,No
Gurugram,Sector 44,Single,1,22200,11100,180,Yes,Yes,Yes,No,Semi Furnished,No,No,Yes
Lucknow,Indira Nagar,Single,1,12600,12600,250,Yes,Yes,Yes,No,Unfurnished,No,Yes,Yes
Pune,Koregaon Park,Single,1,16300,16300,270,Yes,No,No,No,Semi Furnished,No,Yes,Yes
Pune,Aundh,Triple,3,7000,3500,320,No,Yes,Yes,Yes,Unfurnished,Yes,Yes,Yes
Gurugram,Sector 43,Double,2,15700,15700,390,Yes,Yes,No,Yes,Fully Furnished,Yes,Yes,Yes
Pune,Wakad,Triple,3,8000,8000,220,Yes,No,Yes,Yes,Unfurnished,Yes,No,Yes
Lucknow,Gomti Nagar,Double,2,8100,16200,330,Yes,Yes,Yes,Yes,Semi Furnished,Yes,Yes,No
Hyderabad,Ameerpet,Single,1,17200,17200,240,Yes,Yes,Yes,Yes,Semi Furnished,Yes,Yes,No
Gurugram,Sector 49,Double,2,14800,22200,250,No,Yes,No,Yes,Fully Furnished,Yes,Yes,Yes
Jaipur,Vaishali Nagar,Single,1,12100,24200,240,Yes,Yes,Yes,Yes,Semi Furnished,No,Yes,Yes
Hyderabad,Secunderabad,Double,2,10300,5200,310,Yes,Yes,No,Yes,Semi Furnished,Yes,Yes,Yes
Hyderabad,Madhapur,Triple,3,5900,11800,430,Yes,Yes,Yes,No,Unfurnished,No,Yes,Yes
Hyderabad,Kukatpally,Triple,3,4800,2400,440,Yes,Yes,No,No,Semi Furnished,Yes,Yes,Yes
Hyderabad,Gachibowli,Double,2,7700,3800,220,No,Yes,Yes,Yes,Semi Furnished,Yes,Yes,Yes
Noida,Sector 52,Triple,3,7800,7800,190,Yes,Yes,Yes,No,Semi Furnished,No,No,Yes
Noida,Sector 62,Triple,3,8100,12200,290,No,Yes,Yes,Yes,Unfurnished,No,No,Yes
Gurugram,Sector 43,Four Sharing,4,9700,19400,550,Yes,No,No,Yes,Fully Furnished,Yes,No,No
Pune,Koregaon Park,Double,2,8600,17200,390,No,Yes,No,Yes,Semi Furnished,Yes,Yes,Yes
Gurugram,Sector 17,Triple,3,13100,6600,490,Yes,Yes,Yes,Yes,Fully Furnished,Yes,Yes,Yes
Mumbai,Andheri East,Four Sharing,4,9300,4600,290,Yes,Yes,No,Yes,Semi Furnished,Yes,Yes,No
Delhi,Rajouri Garden,Triple,3,13400,20100,380,Yes,Yes,No,No,Fully Furnished,Yes,Yes,Yes
Lucknow,Aliganj,Single,1,15800,7900,150,Yes,Yes,Yes,No,Fully Furnished,Yes,Yes,No
Delhi,Rohini,Triple,3,12600,6300,380,Yes,Yes,No,Yes,Fully Furnished,No,Yes,Yes
Mumbai,Vikhroli,Single,1,23100,23100,160,No,Yes,No,Yes,Fully Furnished,No,No,Yes
Gurugram,DLF Phase 3,Triple,3,10100,5000,400,No,Yes,Yes,No,Semi Furnished,Yes,Yes,Yes
Gurugram,Sector 15,Single,1,23300,11600,150,No,Yes,Yes,Yes,Fully Furnished,Yes,Yes,Yes
Prayagraj,Tagore Town,Single,1,10000,5000,240,Yes,No,No,Yes,Semi Furnished,No,Yes,Yes
Bengaluru,HSR Layout,Triple,3,8400,8400,400,No,Yes,Yes,Yes,Unfurnished,Yes,Yes,No
Mumbai,Powai,Triple,3,13900,13900,310,Yes,Yes,Yes,No,Semi Furnished,Yes,Yes,Yes
Gurugram,Sector 46,Double,2,13300,13300,330,No,Yes,No,Yes,Unfurnished,Yes,No,Yes
Jaipur,Sodala,Single,1,11500,23000,160,Yes,Yes,No,Yes,Semi Furnished,No,No,Yes
Delhi,South Extension,Double,2,15700,15700,230,No,Yes,No,Yes,Semi Furnished,No,Yes,Yes
Noida,Sector 76,Single,1,18600,27900,250,No,Yes,No,Yes,Fully Furnished,No,Yes,Yes
Delhi,Rajouri Garden,Triple,3,11200,22400,360,Yes,Yes,No,Yes,Fully Furnished,Yes,Yes,Yes
Delhi,Dwarka,Double,2,15700,15700,340,Yes,No,Yes,No,Semi Furnished,Yes,Yes,Yes
Pune,FC Road,Single,1,16600,16600,170,No,Yes,Yes,Yes,Fully Furnished,No,Yes,Yes
Noida,Sector 15,Double,2,12300,6200,160,Yes,Yes,Yes,Yes,Fully Furnished,No,No,No
Jaipur,Malviya Nagar,Double,2,6500,9800,200,No,Yes,No,No,Fully Furnished,Yes,Yes,Yes
Noida,Sector 62,Triple,3,8700,13000,320,No,Yes,Yes,No,Fully Furnished,Yes,Yes,Yes
Hyderabad,Gachibowli,Double,2,6900,6900,390,Yes,Yes,No,Yes,Semi Furnished,No,Yes,Yes
Noida,Sector 62,Triple,3,8000,4000,250,Yes,No,Yes,Yes,Fully Furnished,Yes,Yes,Yes
Noida,Sector 16,Single,1,11700,17600,260,No,Yes,No,No,Unfurnished,No,Yes,Yes
Mumbai,Goregaon,Double,2,12700,12700,370,Yes,Yes,No,No,Semi Furnished,Yes,Yes,No
Gurugram,DLF Phase 2,Double,2,15400,15400,340,Yes,Yes,Yes,Yes,Fully Furnished,Yes,Yes,No
Noida,Sector 137,Single,1,13900,7000,120,No,Yes,No,No,Unfurnished,Yes,Yes,Yes
Pune,Viman Nagar,Four Sharing,4,6100,3000,570,Yes,Yes,No,No,Semi Furnished,No,Yes,Yes
Jaipur,Mansarovar,Single,1,10100,10100,240,Yes,Yes,No,No,Fully Furnished,No,No,Yes
Hyderabad,Ameerpet,Double,2,10600,10600,170,Yes,Yes,Yes,Yes,Fully Furnished,Yes,Yes,Yes
Bengaluru,Koramangala,Four Sharing,4,7600,7600,370,No,Yes,Yes,Yes,Semi Furnished,Yes,Yes,Yes
Mumbai,Chembur,Single,1,25600,12800,180,Yes,Yes,Yes,Yes,Fully Furnished,No,Yes,Yes
Noida,Sector 51,Single,1,15000,7500,160,No,Yes,No,Yes,Fully Furnished,Yes,Yes,Yes
Prayagraj,Old Katra,Double,2,4000,8000,210,No,Yes,No,Yes,Unfurnished,Yes,Yes,Yes
Delhi,Rohini,Double,2,16700,16700,240,Yes,Yes,No,Yes,Fully Furnished,No,Yes,Yes
Noida,Sector 76,Single,1,16200,16200,180,Yes,Yes,Yes,Yes,Unfurnished,Yes,No,Yes
Bengaluru,JP Nagar,Double,2,10700,21400,150,No,Yes,Yes,Yes,Fully Furnished,Yes,Yes,No
Jaipur,Jagatpura,Triple,3,6300,9400,240,Yes,Yes,Yes,Yes,Fully Furnished,Yes,No,Yes
Gurugram,DLF Phase 2,Single,1,22600,22600,220,Yes,Yes,Yes,Yes,Semi Furnished,Yes,Yes,No
Hyderabad,Kukatpally,Double,2,7700,15400,170,No,Yes,No,Yes,Fully Furnished,No,Yes,Yes
Delhi,Saket,Single,1,25000,50000,240,No,Yes,Yes,Yes,Fully Furnished,Yes,Yes,Yes
Pune,Viman Nagar,Single,1,19300,29000,140,Yes,Yes,Yes,No,Semi Furnished,Yes,Yes,Yes
Mumbai,Vikhroli,Triple,3,15100,7600,310,Yes,Yes,Yes,Yes,Semi Furnished,Yes,Yes,Yes
Mumbai,Goregaon,Triple,3,11900,23800,290,Yes,Yes,Yes,Yes,Fully Furnished,No,Yes,Yes
Noida,Sector 27,Single,1,16500,16500,130,Yes,Yes,No,Yes,Semi Furnished,Yes,Yes,Yes
Gurugram,Sector 21,Four Sharing,4,9600,19200,450,Yes,Yes,No,Yes,Fully Furnished,No,Yes,Yes
Noida,Sector 63,Single,1,14900,29800,230,Yes,Yes,No,No,Fully Furnished,Yes,Yes,Yes
Lucknow,Jankipuram,Single,1,11400,22800,170,No,Yes,Yes,No,Semi Furnished,Yes,No,Yes
Lucknow,Hazratganj,Double,2,8700,17400,340,No,Yes,Yes,Yes,Fully Furnished,Yes,Yes,No
Delhi,Rohini,Triple,3,12500,12500,300,No,Yes,Yes,No,Semi Furnished,No,Yes,Yes
Delhi,Hauz Khas,Double,2,14100,28200,190,Yes,Yes,No,No,Unfurnished,Yes,Yes,Yes
Lucknow,Jankipuram,Single,1,14000,14000,230,No,Yes,Yes,Yes,Semi Furnished,No,Yes,No
Delhi,Karol Bagh,Triple,3,12000,18000,190,No,No,No,Yes,Fully Furnished,Yes,Yes,Yes
Jaipur,Jagatpura,Triple,3,5800,5800,390,Yes,Yes,Yes,Yes,Fully Furnished,No,No,Yes
Pune,Aundh,Double,2,8300,12400,350,No,Yes,No,No,Fully Furnished,No,Yes,Yes
Jaipur,Mansarovar,Double,2,6900,13800,240,No,No,Yes,Yes,Semi Furnished,Yes,Yes,No
Pune,Koregaon Park,Double,2,10000,10000,320,No,Yes,No,Yes,Semi Furnished,No,Yes,Yes
Gurugram,Sector 43,Triple,3,11000,22000,350,Yes,Yes,Yes,No,Semi Furnished,Yes,Yes,Yes
Prayagraj,Tagore Town,Triple,3,5500,8200,320,Yes,Yes,Yes,Yes,Fully Furnished,No,Yes,Yes
Prayagraj,Naini,Single,1,10600,21200,120,Yes,Yes,Yes,Yes,Semi Furnished,Yes,Yes,Yes
Lucknow,Indira Nagar,Triple,3,8200,16400,270,No,Yes,Yes,Yes,Fully Furnished,Yes,Yes,Yes
Pune,Baner,Single,1,14500,29000,230,Yes,Yes,No,No,Fully Furnished,No,Yes,Yes
Pune,Aundh,Double,2,9400,18800,150,Yes,Yes,No,Yes,Unfurnished,No,Yes,Yes
Delhi,Rajouri Garden,Double,2,15900,31800,330,Yes,Yes,Yes,No,Semi Furnished,No,Yes,No
Hyderabad,Begumpet,Triple,3,6600,9900,300,Yes,Yes,Yes,No,Fully Furnished,Yes,Yes,No
Mumbai,Vikhroli,Triple,3,13100,19600,420,No,Yes,Yes,Yes,Semi Furnished,Yes,Yes,Yes
Pune,Aundh,Single,1,17600,17600,180,No,No,No,Yes,Semi Furnished,No,Yes,Yes
Gurugram,Sector 49,Four Sharing,4,10000,15000,290,No,No,No,Yes,Semi Furnished,Yes,Yes,Yes
Noida,Sector 137,Triple,3,8400,8400,340,Yes,No,Yes,Yes,Semi Furnished,Yes,Yes,Yes
Prayagraj,Ashok Nagar,Double,2,5500,5500,260,No,Yes,Yes,Yes,Unfurnished,No,Yes,Yes
Noida,Sector 27,Triple,3,8300,4200,380,Yes,Yes,Yes,Yes,Semi Furnished,Yes,Yes,Yes
Hyderabad,Kondapur,Triple,3,5800,5800,240,Yes,Yes,No,No,Semi Furnished,No,Yes,Yes
Gurugram,Sector 17,Four Sharing,4,10700,21400,360,Yes,No,Yes,Yes,Fully Furnished,No,No,No
Gurugram,Sector 21,Double,2,13900,27800,280,Yes,Yes,Yes,Yes,Fully Furnished,Yes,Yes,Yes
Hyderabad,Miyapur,Double,2,10000,15000,240,No,Yes,Yes,Yes,Fully Furnished,No,Yes,Yes
Lucknow,Aliganj,Triple,3,7000,10500,460,Yes,Yes,No,Yes,Fully Furnished,Yes,Yes,Yes
Pune,Viman Nagar,Double,2,8200,4100,270,Yes,Yes,No,Yes,Semi Furnished,No,Yes,Yes
Prayagraj,Tagore Town,Single,1,8900,17800,180,No,Yes,Yes,No,Semi Furnished,No,Yes,Yes
Mumbai,Powai,Triple,3,12000,24000,240,Yes,Yes,No,Yes,Fully Furnished,No,Yes,Yes
Delhi,Dwarka,Double,2,17000,17000,330,Yes,Yes,Yes,Yes,Semi Furnished,No,No,Yes
Delhi,South Extension,Single,1,26300,52600,240,Yes,Yes,Yes,Yes,Fully Furnished,Yes,Yes,No
Delhi,Rohini,Double,2,17600,35200,340,No,Yes,Yes,Yes,Semi Furnished,No,Yes,Yes
Jaipur,Tonk Road,Triple,3,6000,12000,330,No,Yes,Yes,Yes,Fully Furnished,Yes,Yes,Yes
Pune,Baner,Single,1,20200,10100,260,No,No,Yes,Yes,Fully Furnished,No,Yes,Yes
Noida,Sector 62,Triple,3,8400,4200,250,Yes,Yes,Yes,Yes,Semi Furnished,Yes,Yes,Yes
Mumbai,Powai,Single,1,25500,12800,280,Yes,No,Yes,No,Fully Furnished,No,No,Yes
Bengaluru,Whitefield,Double,2,11900,6000,390,Yes,Yes,Yes,Yes,Fully Furnished,Yes,Yes,Yes
Hyderabad,Kukatpally,Double,2,10300,10300,320,Yes,Yes,Yes,Yes,Fully Furnished,Yes,Yes,Yes
Gurugram,DLF Phase 2,Single,1,23400,23400,270,Yes,Yes,No,Yes,Semi Furnished,No,No,No
Mumbai,Chembur,Single,1,23700,35600,220,Yes,Yes,Yes,Yes,Semi Furnished,Yes,Yes,Yes
Prayagraj,Tagore Town,Single,1,9600,4800,230,Yes,Yes,No,Yes,Fully Furnished,No,Yes,Yes
Prayagraj,Naini,Four Sharing,4,3400,3400,340,Yes,No,No,Yes,Semi Furnished,Yes,Yes,Yes
Pune,Viman Nagar,Double,2,8800,13200,260,Yes,Yes,No,Yes,Fully Furnished,Yes,No,Yes
Noida,Sector 27,Double,2,9900,19800,270,No,Yes,Yes,No,Unfurnished,Yes,Yes,No
Lucknow,Alambagh,Single,1,14900,22400,120,Yes,No,Yes,Yes,Fully Furnished,Yes,No,No
Lucknow,Vikas Nagar,Triple,3,6100,3000,390,No,Yes,No,Yes,Fully Furnished,Yes,Yes,No
Prayagraj,Dhoomanganj,Single,1,8800,13200,160,No,Yes,Yes,Yes,Semi Furnished,No,No,No
Lucknow,Hazratganj,Double,2,8200,8200,160,Yes,Yes,No,No,Fully Furnished,No,No,Yes
Lucknow,Ashiyana,Triple,3,6500,6500,230,Yes,Yes,Yes,Yes,Semi Furnished,Yes,Yes,No
Delhi,Vijay Nagar,Double,2,14800,14800,270,Yes,No,No,Yes,Fully Furnished,No,Yes,No
Gurugram,Sector 46,Triple,3,12100,24200,180,Yes,Yes,No,Yes,Fully Furnished,Yes,Yes,Yes
Mumbai,Ghatkopar,Four Sharing,4,9100,18200,380,Yes,Yes,No,Yes,Fully Furnished,No,Yes,Yes
Hyderabad,Miyapur,Double,2,8600,8600,260,No,Yes,Yes,No,Semi Furnished,Yes,Yes,Yes
Gurugram,Sector 17,Double,2,14500,14500,190,No,Yes,Yes,Yes,Fully Furnished,No,Yes,Yes
Noida,Sector 18,Double,2,11800,17700,350,Yes,Yes,No,Yes,Fully Furnished,Yes,No,Yes
Bengaluru,Indiranagar,Double,2,12100,12100,180,Yes,Yes,No,Yes,Fully Furnished,Yes,Yes,Yes
Gurugram,Sector 49,Triple,3,11000,16500,240,Yes,Yes,No,Yes,Semi Furnished,Yes,Yes,No
Jaipur,Tonk Road,Double,2,7700,7700,330,No,Yes,Yes,Yes,Semi Furnished,Yes,Yes,Yes
Lucknow,Alambagh,Triple,3,5900,8800,420,Yes,Yes,No,Yes,Fully Furnished,No,Yes,No
Jaipur,C-Scheme,Triple,3,6100,3000,460,No,Yes,Yes,Yes,Fully Furnished,No,Yes,Yes
Gurugram,Sector 46,Double,2,16300,32600,390,Yes,Yes,No,Yes,Semi Furnished,No,No,Yes
Noida,Sector 62,Triple,3,8400,12600,270,No,Yes,No,Yes,Semi Furnished,Yes,Yes,Yes
Delhi,Hauz Khas,Single,1,21100,10600,140,Yes,Yes,No,Yes,Unfurnished,Yes,No,No
Delhi,Laxmi Nagar,Triple,3,11300,17000,180,No,No,No,Yes,Fully Furnished,Yes,Yes,Yes
Delhi,South Extension,Double,2,16100,16100,370,No,Yes,No,Yes,Semi Furnished,No,Yes,No
Hyderabad,Madhapur,Triple,3,5200,5200,440,No,No,No,Yes,Unfurnished,No,Yes,Yes
Mumbai,Goregaon,Double,2,16100,16100,220,Yes,Yes,Yes,No,Semi Furnished,Yes,No,Yes
Jaipur,Vaishali Nagar,Triple,3,6000,3000,380,Yes,No,No,Yes,Fully Furnished,Yes,Yes,Yes
Noida,Sector 18,Triple,3,8000,8000,350,No,Yes,Yes,No,Semi Furnished,No,Yes,No
Prayagraj,Ashok Nagar,Four Sharing,4,4400,4400,270,No,Yes,Yes,Yes,Fully Furnished,Yes,Yes,Yes
Gurugram,DLF Phase 3,Triple,3,10000,15000,300,No,Yes,Yes,Yes,Fully Furnished,No,Yes,Yes
Gurugram,DLF Phase 2,Double,2,15900,31800,230,Yes,Yes,No,Yes,Semi Furnished,No,Yes,Yes
Noida,Sector 62,Triple,3,8700,4400,370,Yes,Yes,Yes,Yes,Semi Furnished,Yes,Yes,Yes
Pune,Wakad,Single,1,18200,9100,140,Yes,Yes,Yes,Yes,Fully Furnished,No,Yes,Yes
Bengaluru,Marathahalli,Triple,3,8300,4200,480,Yes,Yes,No,Yes,Semi Furnished,No,Yes,Yes
Delhi,Saket,Triple,3,12300,18400,360,No,Yes,No,Yes,Fully Furnished,Yes,Yes,Yes
Gurugram,Sector 21,Triple,3,10300,15400,360,Yes,Yes,No,Yes,Semi Furnished,No,Yes,Yes
Mumbai,Thane,Double,2,15100,15100,180,No,Yes,Yes,Yes,Semi Furnished,No,No,Yes
Bengaluru,BTM Layout,Single,1,16600,8300,220,No,Yes,No,Yes,Fully Furnished,No,Yes,No
Prayagraj,Teliarganj,Triple,3,5500,8200,330,Yes,Yes,Yes,Yes,Semi Furnished,Yes,Yes,Yes
Bengaluru,JP Nagar,Double,2,10500,10500,380,Yes,Yes,No,Yes,Fully Furnished,Yes,No,Yes
Gurugram,Sector 17,Double,2,13700,13700,210,Yes,Yes,No,Yes,Semi Furnished,Yes,Yes,Yes
Pune,Kharadi,Four Sharing,4,6200,12400,410,No,Yes,Yes,Yes,Fully Furnished,No,Yes,Yes
Bengaluru,Whitefield,Triple,3,9900,9900,450,No,Yes,Yes,Yes,Fully Furnished,No,Yes,Yes
Jaipur,Gopalpura,Double,2,7600,7600,370,Yes,Yes,No,Yes,Fully Furnished,Yes,No,Yes
Prayagraj,Katra,Single,1,9400,18800,170,No,Yes,No,No,Fully Furnished,Yes,Yes,Yes
Pune,Wakad,Single,1,16900,8400,240,Yes,Yes,No,Yes,Semi Furnished,Yes,No,No
Prayagraj,Dhoomanganj,Triple,3,4400,4400,270,Yes,Yes,Yes,Yes,Semi Furnished,No,Yes,Yes
Noida,Sector 16,Single,1,13400,26800,190,Yes,Yes,No,No,Fully Furnished,No,Yes,No
Delhi,Rajouri Garden,Double,2,15800,23700,250,No,Yes,Yes,Yes,Fully Furnished,No,Yes,Yes
Gurugram,DLF Phase 3,Single,1,24500,49000,130,Yes,Yes,Yes,Yes,Fully Furnished,No,Yes,Yes
Hyderabad,Miyapur,Single,1,13300,13300,150,Yes,No,No,Yes,Semi Furnished,Yes,Yes,Yes
Jaipur,Malviya Nagar,Double,2,7800,7800,280,Yes,Yes,Yes,No,Semi Furnished,Yes,Yes,Yes
Pune,Hinjewadi,Single,1,18300,18300,170,No,Yes,No,Yes,Fully Furnished,Yes,Yes,Yes
Bengaluru,BTM Layout,Double,2,9100,9100,180,Yes,Yes,No,Yes,Semi Furnished,No,Yes,Yes
Delhi,Hauz Khas,Double,2,13400,13400,380,Yes,Yes,No,No,Semi Furnished,Yes,No,Yes
Delhi,South Extension,Single,1,24600,49200,220,No,Yes,No,Yes,Fully Furnished,No,Yes,No
Delhi,Dwarka,Double,2,17300,17300,380,Yes,Yes,Yes,Yes,Semi Furnished,No,Yes,Yes
Mumbai,Powai,Triple,3,11600,11600,190,Yes,Yes,Yes,No,Unfurnished,Yes,Yes,Yes
Noida,Sector 16,Triple,3,7700,15400,390,Yes,Yes,Yes,No,Semi Furnished,Yes,Yes,Yes
Delhi,Rajouri Garden,Triple,3,11900,17800,330,No,Yes,No,No,Fully Furnished,Yes,No,No
Mumbai,Vikhroli,Double,2,18000,18000,330,Yes,Yes,Yes,Yes,Fully Furnished,No,No,No
Prayagraj,Teliarganj,Double,2,6300,6300,240,No,Yes,Yes,No,Semi Furnished,No,Yes,Yes
Delhi,Vijay Nagar,Single,1,31700,15800,160,Yes,Yes,Yes,Yes,Fully Furnished,No,Yes,Yes
Gurugram,Sector 15,Double,2,17300,34600,370,Yes,Yes,Yes,Yes,Semi Furnished,No,Yes,No
Mumbai,Malad,Double,2,15000,22500,360,Yes,Yes,Yes,No,Fully Furnished,Yes,No,Yes
Prayagraj,Civil Lines,Double,2,6200,6200,270,No,No,Yes,Yes,Semi Furnished,No,Yes,Yes
Pune,FC Road,Triple,3,9600,14400,290,Yes,Yes,Yes,No,Semi Furnished,Yes,Yes,Yes
Jaipur,Pratap Nagar,Single,1,11900,17800,280,No,Yes,No,Yes,Fully Furnished,No,Yes,No
Bengaluru,JP Nagar,Single,1,18500,18500,200,Yes,Yes,Yes,Yes,Fully Furnished,Yes,Yes,Yes
Gurugram,DLF Phase 2,Double,2,15000,15000,170,Yes,Yes,No,Yes,Fully Furnished,Yes,Yes,No
Noida,Sector 15,Double,2,9900,5000,250,Yes,Yes,No,Yes,Fully Furnished,Yes,Yes,Yes
Jaipur,Malviya Nagar,Triple,3,4700,4700,470,Yes,Yes,No,Yes,Semi Furnished,Yes,Yes,Yes
Jaipur,Malviya Nagar,Double,2,6300,9400,160,Yes,Yes,No,No,Semi Furnished,No,Yes,Yes
Delhi,Dwarka,Double,2,19000,38000,250,Yes,Yes,Yes,Yes,Fully Furnished,Yes,Yes,Yes
Mumbai,Malad,Double,2,15600,23400,290,No,Yes,No,Yes,Fully Furnished,No,Yes,Yes
Noida,Sector 52,Four Sharing,4,6500,3200,510,Yes,Yes,No,No,Semi Furnished,No,Yes,No
Mumbai,Chembur,Single,1,22800,11400,120,Yes,Yes,No,Yes,Fully Furnished,No,Yes,Yes
Prayagraj,Teliarganj,Single,1,8800,8800,190,No,Yes,No,Yes,Semi Furnished,Yes,No,Yes
Bengaluru,HSR Layout,Double,2,10100,20200,240,Yes,Yes,No,Yes,Fully Furnished,No,Yes,Yes
Jaipur,Sodala,Double,2,5900,3000,280,No,Yes,Yes,No,Semi Furnished,No,Yes,Yes
Gurugram,Sector 46,Triple,3,12100,18200,440,Yes,Yes,Yes,Yes,Semi Furnished,No,Yes,Yes
Noida,Sector 18,Double,2,11100,11100,210,No,Yes,No,Yes,Semi Furnished,No,No,No
Pune,Aundh,Double,2,8900,17800,290,No,Yes,No,Yes,Semi Furnished,Yes,Yes,No
Prayagraj,Allahpur,Double,2,5400,8100,260,No,Yes,Yes,No,Fully Furnished,Yes,Yes,Yes
Prayagraj,Civil Lines,Double,2,5800,8700,230,Yes,Yes,Yes,No,Fully Furnished,Yes,Yes,Yes
Jaipur,Malviya Nagar,Four Sharing,4,4800,4800,580,Yes,Yes,Yes,Yes,Semi Furnished,No,Yes,Yes
Mumbai,Bandra West,Double,2,16900,16900,380,No,Yes,Yes,Yes,Fully Furnished,Yes,Yes,Yes
Gurugram,Sector 21,Double,2,12800,19200,210,No,Yes,No,No,Unfurnished,Yes,Yes,No
Noida,Sector 62,Triple,3,8400,4200,230,Yes,Yes,Yes,Yes,Unfurnished,No,Yes,Yes
Mumbai,Ghatkopar,Single,1,23100,11600,170,Yes,Yes,Yes,Yes,Semi Furnished,No,Yes,No
Lucknow,Aliganj,Single,1,13700,6800,280,No,Yes,Yes,Yes,Fully Furnished,No,Yes,Yes
Gurugram,Sector 21,Single,1,23500,23500,260,Yes,Yes,No,No,Fully Furnished,No,Yes,No
Hyderabad,Ameerpet,Single,1,15900,15900,220,Yes,Yes,Yes,Yes,Semi Furnished,Yes,Yes,No
Prayagraj,Naini,Triple,3,5200,7800,300,No,Yes,Yes,No,Fully Furnished,No,Yes,Yes
Gurugram,Sector 49,Double,2,13000,13000,220,No,Yes,No,Yes,Semi Furnished,Yes,No,Yes
Mumbai,Ghatkopar,Double,2,15400,15400,260,No,Yes,No,Yes,Semi Furnished,Yes,Yes,Yes
Pune,Viman Nagar,Triple,3,9400,18800,240,No,No,Yes,Yes,Fully Furnished,No,Yes,Yes
Noida,Sector 137,Double,2,10800,21600,370,Yes,Yes,Yes,No,Semi Furnished,Yes,Yes,Yes
Hyderabad,Manikonda,Double,2,8400,8400,290,Yes,Yes,Yes,No,Fully Furnished,No,Yes,Yes
Hyderabad,Secunderabad,Triple,3,6800,6800,320,No,Yes,No,Yes,Fully Furnished,No,Yes,No
Lucknow,Chinhat,Single,1,11500,5800,260,Yes,Yes,Yes,No,Unfurnished,No,Yes,Yes
Gurugram,DLF Phase 2,Double,2,14600,7300,210,Yes,Yes,No,Yes,Semi Furnished,No,No,Yes
Mumbai,Powai,Double,2,16600,16600,150,Yes,Yes,Yes,Yes,Fully Furnished,No,Yes,Yes
Noida,Sector 27,Double,2,10100,20200,250,No,Yes,No,Yes,Fully Furnished,No,Yes,No
Delhi,Mukherjee Nagar,Four Sharing,4,11800,23600,310,Yes,Yes,Yes,Yes,Semi Furnished,No,No,Yes
Bengaluru,Koramangala,Triple,3,7700,3800,370,No,Yes,No,Yes,Fully Furnished,Yes,Yes,Yes
Gurugram,Sector 15,Single,1,20600,30900,120,Yes,Yes,No,Yes,Fully Furnished,No,Yes,Yes
Hyderabad,Hitech City,Four Sharing,4,7300,14600,400,Yes,Yes,Yes,Yes,Fully Furnished,Yes,Yes,Yes
Lucknow,Aliganj,Triple,3,6800,3400,350,No,Yes,Yes,Yes,Semi Furnished,Yes,Yes,Yes
Pune,Hadapsar,Four Sharing,4,6900,10400,580,Yes,Yes,No,Yes,Fully Furnished,No,Yes,Yes
Delhi,Hauz Khas,Triple,3,11800,23600,400,Yes,No,Yes,Yes,Unfurnished,No,Yes,No
Pune,Wakad,Single,1,17500,17500,280,No,Yes,No,Yes,Fully Furnished,No,No,Yes
Pune,Kharadi,Four Sharing,4,6800,10200,310,No,Yes,Yes,Yes,Semi Furnished,No,Yes,Yes
Bengaluru,JP Nagar,Double,2,11100,11100,290,No,Yes,No,Yes,Semi Furnished,Yes,Yes,Yes
Prayagraj,Dhoomanganj,Four Sharing,4,3300,3300,290,Yes,Yes,Yes,Yes,Semi Furnished,Yes,Yes,Yes
Jaipur,Pratap Nagar,Double,2,6500,3200,150,Yes,Yes,Yes,No,Semi Furnished,No,Yes,Yes
Gurugram,Sector 43,Double,2,13200,13200,170,Yes,Yes,Yes,No,Fully Furnished,Yes,Yes,No
Pune,Viman Nagar,Triple,3,7000,3500,230,Yes,Yes,No,Yes,Fully Furnished,No,Yes,No
Jaipur,Vaishali Nagar,Triple,3,5400,10800,290,No,Yes,Yes,Yes,Semi Furnished,No,Yes,No
Mumbai,Vikhroli,Four Sharing,4,10200,5100,420,Yes,Yes,No,Yes,Semi Furnished,No,Yes,Yes
Pune,Kothrud,Triple,3,7400,7400,190,Yes,Yes,Yes,Yes,Semi Furnished,No,Yes,Yes
Delhi,Mukherjee Nagar,Single,1,21900,21900,170,No,Yes,No,Yes,Fully Furnished,Yes,Yes,Yes
Hyderabad,Manikonda,Double,2,8500,4200,230,No,Yes,Yes,Yes,Fully Furnished,Yes,Yes,Yes
Bengaluru,JP Nagar,Double,2,11200,22400,380,Yes,Yes,Yes,Yes,Unfurnished,No,Yes,No
Gurugram,Sector 15,Single,1,19000,38000,120,No,Yes,Yes,No,Unfurnished,Yes,Yes,Yes
Hyderabad,Manikonda,Single,1,14100,21200,270,Yes,Yes,Yes,Yes,Fully Furnished,Yes,Yes,Yes
Hyderabad,Miyapur,Four Sharing,4,7200,3600,270,No,Yes,Yes,Yes,Fully Furnished,Yes,Yes,No
Mumbai,Bandra West,Double,2,13600,13600,320,Yes,Yes,No,Yes,Semi Furnished,No,Yes,Yes
Bengaluru,Hebbal,Double,2,8400,12600,340,Yes,Yes,No,No,Unfurnished,Yes,Yes,Yes
Gurugram,Sector 17,Four Sharing,4,9200,13800,440,Yes,Yes,Yes,Yes,Semi Furnished,No,Yes,Yes
Gurugram,Sector 44,Triple,3,10800,10800,200,Yes,No,No,Yes,Semi Furnished,No,No,Yes
Gurugram,Sector 44,Four Sharing,4,9100,13600,490,Yes,Yes,No,Yes,Semi Furnished,No,No,No
Jaipur,Tonk Road,Double,2,8200,16400,240,Yes,Yes,No,Yes,Fully Furnished,No,Yes,Yes
Prayagraj,George Town,Four Sharing,4,4200,2100,490,Yes,Yes,No,Yes,Fully Furnished,No,Yes,Yes
Pune,Koregaon Park,Double,2,11300,17000,250,Yes,No,Yes,Yes,Fully Furnished,No,Yes,Yes
Prayagraj,Katra,Double,2,6900,6900,200,Yes,Yes,Yes,Yes,Fully Furnished,Yes,Yes,No
Pune,Viman Nagar,Four Sharing,4,7100,7100,230,Yes,Yes,No,No,Fully Furnished,Yes,Yes,Yes
Jaipur,Sodala,Double,2,6900,6900,310,Yes,Yes,No,Yes,Fully Furnished,Yes,Yes,Yes
Noida,Sector 137,Triple,3,8500,17000,380,Yes,Yes,Yes,Yes,Semi Furnished,Yes,Yes,Yes
Jaipur,Sodala,Double,2,7100,7100,230,Yes,Yes,No,Yes,Fully Furnished,No,Yes,Yes
Delhi,South Extension,Single,1,24700,24700,260,Yes,Yes,No,No,Semi Furnished,No,Yes,No
Mumbai,Malad,Double,2,16600,8300,360,Yes,Yes,Yes,Yes,Semi Furnished,Yes,Yes,Yes
Noida,Sector 63,Single,1,17700,17700,190,Yes,Yes,No,No,Fully Furnished,Yes,No,No
Jaipur,Tonk Road,Single,1,11300,17000,220,No,Yes,Yes,Yes,Fully Furnished,Yes,Yes,No
Delhi,Hauz Khas,Triple,3,12300,6200,340,Yes,Yes,No,Yes,Semi Furnished,No,No,Yes
Gurugram,Sector 14,Single,1,26100,26100,230,No,Yes,Yes,Yes,Fully Furnished,No,Yes,Yes
Mumbai,Thane,Single,1,23000,11500,130,Yes,Yes,No,Yes,Fully Furnished,Yes,No,No
Lucknow,Alambagh,Triple,3,7200,7200,200,Yes,Yes,Yes,Yes,Fully Furnished,Yes,Yes,Yes
Delhi,Mukherjee Nagar,Double,2,16100,16100,150,Yes,Yes,No,No,Fully Furnished,Yes,No,No
Pune,Hinjewadi,Four Sharing,4,8700,8700,500,Yes,Yes,Yes,Yes,Fully Furnished,Yes,Yes,Yes
Hyderabad,Ameerpet,Triple,3,6800,3400,190,Yes,Yes,Yes,Yes,Fully Furnished,No,No,No
Delhi,Saket,Double,2,13700,27400,190,No,Yes,No,Yes,Unfurnished,No,Yes,Yes
Hyderabad,Madhapur,Single,1,10900,5400,120,Yes,Yes,No,No,Unfurnished,Yes,Yes,Yes
Hyderabad,Ameerpet,Single,1,16700,8400,160,Yes,Yes,Yes,No,Semi Furnished,Yes,No,Yes
Noida,Sector 27,Four Sharing,4,6200,12400,540,Yes,Yes,Yes,Yes,Unfurnished,No,No,No
Hyderabad,Hitech City,Triple,3,5900,5900,230,Yes,No,Yes,No,Unfurnished,Yes,Yes,Yes
Gurugram,Sector 43,Double,2,16100,16100,340,Yes,Yes,No,No,Fully Furnished,Yes,Yes,Yes
Prayagraj,Ashok Nagar,Triple,3,4500,4500,430,No,Yes,Yes,Yes,Fully Furnished,No,Yes,Yes
Hyderabad,Begumpet,Triple,3,6800,3400,420,No,No,No,No,Semi Furnished,Yes,Yes,No
Jaipur,C-Scheme,Double,2,6700,6700,390,No,Yes,No,Yes,Unfurnished,No,Yes,Yes
Lucknow,Aliganj,Triple,3,6100,9200,300,Yes,Yes,Yes,No,Semi Furnished,No,No,Yes
Mumbai,Thane,Single,1,29900,15000,160,Yes,No,Yes,Yes,Semi Furnished,Yes,Yes,Yes
Gurugram,Sector 44,Single,1,28600,28600,220,No,Yes,Yes,Yes,Semi Furnished,Yes,Yes,Yes
Delhi,Rohini,Single,1,24900,49800,290,Yes,Yes,No,Yes,Semi Furnished,Yes,Yes,Yes
Jaipur,Gopalpura,Triple,3,5400,2700,350,Yes,Yes,Yes,No,Semi Furnished,No,Yes,No
Gurugram,DLF Phase 2,Double,2,14100,14100,200,No,Yes,No,Yes,Semi Furnished,Yes,Yes,No
Noida,Sector 51,Four Sharing,4,5600,11200,440,No,Yes,No,No,Semi Furnished,No,Yes,Yes
Noida,Sector 62,Double,2,10200,15300,150,Yes,Yes,No,Yes,Fully Furnished,No,Yes,Yes
Delhi,Rajouri Garden,Double,2,15500,31000,340,Yes,Yes,No,Yes,Semi Furnished,No,Yes,Yes
Hyderabad,Madhapur,Single,1,14300,14300,180,Yes,Yes,No,Yes,Fully Furnished,Yes,Yes,Yes
Lucknow,Aliganj,Double,2,6300,12600,230,Yes,Yes,No,Yes,Semi Furnished,No,Yes,No
Noida,Sector 76,Double,2,11200,22400,210,No,Yes,Yes,No,Semi Furnished,No,Yes,Yes
Bengaluru,Bellandur,Triple,3,7500,11200,440,Yes,Yes,Yes,Yes,Semi Furnished,No,Yes,No
Delhi,Karol Bagh,Double,2,15300,30600,260,Yes,Yes,Yes,Yes,Semi Furnished,Yes,Yes,Yes
Bengaluru,Whitefield,Double,2,13000,19500,280,No,Yes,Yes,Yes,Fully Furnished,No,No,Yes
Noida,Sector 18,Double,2,10500,10500,200,Yes,Yes,No,Yes,Fully Furnished,No,Yes,Yes
Jaipur,Pratap Nagar,Single,1,14200,7100,140,Yes,Yes,Yes,No,Fully Furnished,No,No,Yes
Jaipur,Mansarovar,Single,1,10900,5400,210,No,Yes,No,Yes,Fully Furnished,No,No,Yes
Pune,Hinjewadi,Single,1,17700,17700,150,Yes,Yes,Yes,Yes,Fully Furnished,Yes,Yes,Yes
Pune,Wakad,Double,2,10300,15400,180,Yes,No,Yes,No,Semi Furnished,No,Yes,No
Gurugram,Sector 43,Four Sharing,4,10200,10200,350,Yes,Yes,Yes,No,Fully Furnished,No,No,No
Noida,Sector 76,Double,2,9500,14200,300,Yes,Yes,No,No,Fully Furnished,Yes,No,Yes
Noida,Sector 16,Four Sharing,4,6500,13000,370,Yes,Yes,Yes,Yes,Fully Furnished,No,Yes,No
Bengaluru,Electronic City,Four Sharing,4,8000,16000,430,Yes,No,No,Yes,Semi Furnished,Yes,Yes,Yes
Delhi,South Extension,Single,1,19600,39200,140,No,Yes,No,Yes,Unfurnished,Yes,Yes,Yes
Gurugram,Sector 46,Double,2,14800,14800,160,Yes,Yes,Yes,No,Fully Furnished,Yes,Yes,Yes
Mumbai,Chembur,Four Sharing,4,10300,10300,410,Yes,Yes,Yes,Yes,Fully Furnished,Yes,Yes,Yes
Bengaluru,Bellandur,Double,2,10900,10900,190,Yes,No,No,Yes,Fully Furnished,Yes,Yes,No
Bengaluru,Koramangala,Triple,3,9300,9300,480,Yes,Yes,No,Yes,Fully Furnished,Yes,No,Yes
Gurugram,Sector 15,Double,2,13300,13300,190,No,No,No,Yes,Fully Furnished,Yes,No,No
Mumbai,Vikhroli,Double,2,14900,22400,160,Yes,Yes,Yes,Yes,Fully Furnished,Yes,Yes,Yes
Prayagraj,Teliarganj,Triple,3,3900,5800,230,No,Yes,No,Yes,Fully Furnished,No,Yes,No
Lucknow,Vikas Nagar,Double,2,7800,7800,170,Yes,Yes,Yes,No,Semi Furnished,Yes,Yes,Yes
Mumbai,Malad,Single,1,28500,28500,120,Yes,Yes,Yes,Yes,Fully Furnished,No,Yes,No
Bengaluru,HSR Layout,Triple,3,7400,7400,300,Yes,Yes,Yes,No,Fully Furnished,No,Yes,Yes
Noida,Sector 18,Single,1,20000,10000,120,Yes,Yes,Yes,No,Semi Furnished,Yes,Yes,Yes
Lucknow,Vikas Nagar,Triple,3,6500,13000,390,Yes,Yes,No,No,Fully Furnished,Yes,No,Yes
Gurugram,DLF Phase 3,Triple,3,11300,11300,280,Yes,Yes,No,No,Semi Furnished,No,No,Yes
Pune,Wakad,Triple,3,6900,13800,180,Yes,Yes,No,Yes,Unfurnished,Yes,Yes,Yes
Lucknow,Chinhat,Double,2,7800,7800,380,No,Yes,Yes,Yes,Fully Furnished,No,Yes,Yes
Mumbai,Malad,Single,1,26500,13200,150,Yes,Yes,Yes,Yes,Unfurnished,Yes,Yes,No
Delhi,Saket,Double,2,19500,19500,310,Yes,Yes,Yes,Yes,Fully Furnished,No,Yes,Yes
Mumbai,Malad,Single,1,20400,30600,260,No,No,Yes,No,Semi Furnished,No,Yes,Yes
Gurugram,Sector 46,Four Sharing,4,9800,9800,460,No,Yes,No,Yes,Fully Furnished,Yes,Yes,Yes
Delhi,Dwarka,Single,1,27800,27800,120,Yes,Yes,Yes,Yes,Fully Furnished,Yes,Yes,No
Pune,Kharadi,Double,2,12500,25000,220,Yes,Yes,Yes,Yes,Fully Furnished,No,Yes,Yes
Mumbai,Bandra West,Single,1,27200,27200,240,No,Yes,No,Yes,Fully Furnished,Yes,Yes,Yes
Noida,Sector 76,Triple,3,8200,8200,190,No,Yes,Yes,Yes,Semi Furnished,Yes,Yes,Yes
Delhi,Karol Bagh,Triple,3,15600,7800,350,Yes,Yes,Yes,Yes,Fully Furnished,Yes,Yes,Yes
Pune,Wakad,Triple,3,7500,11200,440,Yes,No,Yes,Yes,Semi Furnished,Yes,Yes,Yes
Delhi,Hauz Khas,Single,1,21700,10800,220,No,Yes,No,Yes,Semi Furnished,No,Yes,Yes
Delhi,Vijay Nagar,Four Sharing,4,10200,20400,390,No,Yes,Yes,Yes,Fully Furnished,Yes,Yes,Yes
Lucknow,Jankipuram,Double,2,9100,18200,200,Yes,Yes,Yes,Yes,Semi Furnished,No,Yes,Yes
Pune,Hadapsar,Double,2,10300,10300,320,No,Yes,No,Yes,Fully Furnished,No,Yes,No
Bengaluru,Whitefield,Triple,3,8400,16800,260,Yes,No,Yes,Yes,Fully Furnished,No,Yes,Yes
Delhi,Karol Bagh,Triple,3,13000,26000,220,No,Yes,Yes,Yes,Semi Furnished,Yes,Yes,Yes
Hyderabad,Manikonda,Triple,3,5600,5600,230,No,Yes,No,Yes,Fully Furnished,Yes,Yes,No
Gurugram,Sector 17,Double,2,14500,29000,200,Yes,Yes,No,Yes,Semi Furnished,No,Yes,Yes
Hyderabad,Kukatpally,Single,1,14500,7200,250,Yes,Yes,No,No,Fully Furnished,Yes,Yes,Yes
Delhi,Vijay Nagar,Double,2,14200,21300,340,Yes,Yes,No,Yes,Fully Furnished,No,Yes,Yes
Noida,Sector 27,Triple,3,7600,7600,470,No,Yes,Yes,No,Fully Furnished,Yes,Yes,Yes
Bengaluru,BTM Layout,Single,1,19900,10000,170,No,Yes,Yes,No,Fully Furnished,No,No,Yes
Delhi,Dwarka,Triple,3,10800,10800,310,Yes,Yes,No,No,Semi Furnished,No,Yes,Yes
Hyderabad,Begumpet,Single,1,13400,13400,120,Yes,No,Yes,No,Semi Furnished,No,No,Yes
Noida,Sector 27,Single,1,17400,26100,200,Yes,Yes,No,Yes,Fully Furnished,Yes,Yes,No
Bengaluru,Indiranagar,Double,2,12900,12900,240,Yes,Yes,Yes,Yes,Fully Furnished,No,Yes,Yes
Hyderabad,Kondapur,Four Sharing,4,5800,8700,230,Yes,Yes,No,No,Fully Furnished,Yes,Yes,Yes
Delhi,Saket,Triple,3,13700,27400,270,Yes,Yes,Yes,No,Fully Furnished,Yes,Yes,Yes
Lucknow,Ashiyana,Triple,3,5200,5200,480,No,Yes,Yes,Yes,Semi Furnished,No,Yes,Yes
Lucknow,Ashiyana,Double,2,8700,13000,220,Yes,Yes,No,Yes,Fully Furnished,No,Yes,Yes
Delhi,South Extension,Single,1,29700,29700,210,Yes,No,Yes,Yes,Fully Furnished,No,Yes,Yes
Prayagraj,Tagore Town,Single,1,10700,21400,150,Yes,Yes,No,No,Semi Furnished,Yes,Yes,Yes
Noida,Sector 52,Single,1,16100,32200,220,No,Yes,No,Yes,Semi Furnished,No,No,Yes
Gurugram,Sector 14,Double,2,10900,10900,290,No,Yes,No,Yes,Unfurnished,No,Yes,Yes
Prayagraj,Katra,Triple,3,4900,2400,420,Yes,Yes,Yes,Yes,Fully Furnished,No,No,Yes
Mumbai,Thane,Triple,3,10700,10700,190,No,Yes,Yes,No,Fully Furnished,No,Yes,Yes
Jaipur,Raja Park,Double,2,7600,7600,380,No,Yes,Yes,Yes,Semi Furnished,Yes,Yes,Yes
Noida,Sector 62,Double,2,9900,14800,190,Yes,Yes,No,Yes,Semi Furnished,Yes,Yes,Yes
Gurugram,Sector 46,Triple,3,11300,11300,190,Yes,Yes,No,Yes,Fully Furnished,No,Yes,No
Delhi,Dwarka,Single,1,21600,10800,160,No,No,No,Yes,Unfurnished,Yes,No,No
Noida,Sector 62,Double,2,10200,15300,360,Yes,Yes,Yes,Yes,Semi Furnished,Yes,Yes,No
Delhi,Mukherjee Nagar,Single,1,26600,26600,150,No,Yes,Yes,Yes,Unfurnished,No,Yes,Yes
Delhi,Saket,Double,2,16900,16900,260,Yes,Yes,Yes,Yes,Unfurnished,No,Yes,Yes
Noida,Sector 16,Triple,3,7500,15000,480,No,Yes,Yes,Yes,Semi Furnished,Yes,Yes,Yes
Delhi,Saket,Double,2,16600,33200,250,Yes,Yes,Yes,Yes,Semi Furnished,No,Yes,No
Jaipur,Pratap Nagar,Triple,3,5000,7500,290,Yes,Yes,No,No,Semi Furnished,Yes,Yes,No
Pune,FC Road,Double,2,8000,16000,200,No,Yes,No,Yes,Fully Furnished,No,Yes,Yes
Jaipur,Malviya Nagar,Single,1,11200,11200,240,No,Yes,Yes,Yes,Semi Furnished,No,Yes,Yes
Hyderabad,Begumpet,Triple,3,8700,17400,470,Yes,Yes,Yes,Yes,Fully Furnished,No,Yes,Yes
Noida,Sector 16,Double,2,10300,5200,310,Yes,Yes,Yes,No,Fully Furnished,No,Yes,Yes
Delhi,Mukherjee Nagar,Double,2,14200,28400,370,Yes,Yes,No,Yes,Fully Furnished,No,Yes,Yes
Lucknow,Hazratganj,Four Sharing,4,4700,4700,390,Yes,Yes,No,Yes,Semi Furnished,Yes,Yes,Yes
Jaipur,Pratap Nagar,Triple,3,5700,5700,380,Yes,Yes,Yes,Yes,Semi Furnished,Yes,Yes,Yes
Pune,Kothrud,Triple,3,7200,7200,230,Yes,Yes,No,No,Fully Furnished,Yes,Yes,No
Hyderabad,Kondapur,Single,1,13800,27600,150,Yes,Yes,No,Yes,Semi Furnished,No,No,Yes
Noida,Sector 52,Four Sharing,4,7100,10600,220,No,Yes,No,Yes,Fully Furnished,No,No,Yes
Noida,Sector 52,Double,2,10000,10000,280,No,Yes,Yes,Yes,Semi Furnished,No,No,Yes
Bengaluru,Bellandur,Triple,3,8900,17800,410,Yes,Yes,Yes,Yes,Unfurnished,No,Yes,Yes
Mumbai,Chembur,Single,1,27500,41200,220,Yes,Yes,Yes,Yes,Unfurnished,No,Yes,Yes
Gurugram,Sector 21,Single,1,19000,28500,180,No,Yes,No,Yes,Fully Furnished,No,Yes,No
Bengaluru,Whitefield,Single,1,20400,20400,160,Yes,Yes,Yes,Yes,Semi Furnished,No,No,Yes
Lucknow,Indira Nagar,Double,2,7300,11000,280,Yes,Yes,Yes,Yes,Unfurnished,Yes,Yes,Yes
Gurugram,Sector 46,Double,2,13900,27800,170,No,No,No,Yes,Semi Furnished,Yes,Yes,Yes
Hyderabad,Manikonda,Double,2,8300,8300,330,Yes,Yes,Yes,No,Fully Furnished,No,No,Yes
Delhi,Hauz Khas,Triple,3,13500,13500,340,No,Yes,Yes,Yes,Fully Furnished,No,No,No
Gurugram,Sector 46,Double,2,18300,18300,260,Yes,Yes,Yes,Yes,Fully Furnished,No,Yes,No
Mumbai,Goregaon,Triple,3,14000,14000,180,No,Yes,Yes,No,Semi Furnished,Yes,No,Yes
Mumbai,Ghatkopar,Triple,3,13500,6800,220,No,Yes,Yes,Yes,Fully Furnished,Yes,No,Yes
Noida,Sector 51,Triple,3,8800,13200,400,No,Yes,Yes,Yes,Semi Furnished,No,Yes,Yes
Noida,Sector 63,Triple,3,9700,9700,310,Yes,Yes,Yes,No,Semi Furnished,Yes,Yes,Yes
Mumbai,Chembur,Triple,3,11700,11700,400,No,Yes,No,Yes,Semi Furnished,No,Yes,Yes
Hyderabad,Miyapur,Double,2,8800,17600,390,Yes,Yes,No,Yes,Fully Furnished,Yes,No,Yes
Noida,Sector 18,Double,2,8800,8800,320,Yes,No,No,No,Fully Furnished,Yes,No,Yes
Noida,Sector 15,Single,1,17400,8700,160,No,No,Yes,Yes,Semi Furnished,Yes,Yes,Yes
Gurugram,Sector 21,Double,2,14300,14300,230,Yes,Yes,Yes,Yes,Fully Furnished,Yes,No,No
Noida,Sector 137,Triple,3,6800,6800,420,No,Yes,No,Yes,Semi Furnished,No,Yes,Yes
Gurugram,Sector 15,Single,1,25500,12800,260,Yes,Yes,No,Yes,Fully Furnished,Yes,Yes,No
Hyderabad,Kukatpally,Triple,3,6400,3200,330,Yes,Yes,No,Yes,Fully Furnished,No,Yes,Yes
Delhi,Karol Bagh,Triple,3,15100,7600,220,Yes,Yes,Yes,Yes,Fully Furnished,Yes,Yes,Yes
Lucknow,Ashiyana,Triple,3,5000,5000,360,Yes,Yes,Yes,Yes,Unfurnished,No,Yes,No
Gurugram,Sector 14,Double,2,16200,24300,240,Yes,Yes,Yes,No,Semi Furnished,No,Yes,Yes
Prayagraj,Dhoomanganj,Triple,3,4200,4200,320,Yes,Yes,No,No,Unfurnished,Yes,Yes,Yes
Prayagraj,Mumfordganj,Double,2,6500,9800,370,Yes,Yes,Yes,Yes,Fully Furnished,Yes,Yes,Yes
Prayagraj,Old Katra,Triple,3,4700,7000,210,Yes,Yes,Yes,No,Semi Furnished,Yes,No,Yes
Mumbai,Andheri West,Single,1,28100,28100,280,Yes,Yes,Yes,Yes,Semi Furnished,No,Yes,Yes
Delhi,Vijay Nagar,Triple,3,10100,10100,260,Yes,Yes,No,Yes,Unfurnished,No,Yes,Yes
Bengaluru,Bellandur,Triple,3,8200,4100,250,Yes,No,No,Yes,Fully Furnished,Yes,Yes,Yes
Noida,Sector 52,Single,1,17400,17400,260,No,Yes,No,Yes,Semi Furnished,Yes,Yes,Yes
Jaipur,C-Scheme,Double,2,7800,7800,390,No,Yes,Yes,No,Semi Furnished,No,Yes,No
Prayagraj,Salori,Triple,3,5600,11200,440,Yes,Yes,Yes,Yes,Fully Furnished,No,Yes,No
Noida,Sector 137,Double,2,7900,4000,220,No,Yes,No,No,Fully Furnished,Yes,Yes,Yes
Prayagraj,Katra,Triple,3,4000,2000,490,Yes,Yes,No,No,Fully Furnished,Yes,Yes,Yes
Delhi,Karol Bagh,Four Sharing,4,10700,5400,520,No,Yes,No,Yes,Fully Furnished,Yes,Yes,No
Delhi,Rajouri Garden,Single,1,25700,38600,210,Yes,Yes,No,Yes,Semi Furnished,No,Yes,No
Prayagraj,Salori,Double,2,6700,3400,260,No,No,Yes,Yes,Semi Furnished,No,Yes,Yes
Pune,Wakad,Triple,3,7900,7900,490,No,Yes,Yes,Yes,Fully Furnished,No,Yes,Yes
Noida,Sector 16,Single,1,16900,16900,210,No,Yes,Yes,Yes,Semi Furnished,Yes,Yes,Yes
Hyderabad,Manikonda,Single,1,14700,29400,250,Yes,Yes,No,Yes,Semi Furnished,No,Yes,No
Gurugram,Sector 14,Double,2,16000,16000,300,Yes,Yes,No,Yes,Fully Furnished,Yes,Yes,Yes
Gurugram,Sector 15,Double,2,14200,7100,390,Yes,Yes,Yes,No,Fully Furnished,Yes,Yes,Yes
Prayagraj,Salori,Single,1,9900,5000,270,No,No,Yes,Yes,Semi Furnished,No,Yes,Yes
Delhi,Hauz Khas,Single,1,27400,27400,250,Yes,Yes,No,Yes,Fully Furnished,Yes,Yes,Yes
Hyderabad,Begumpet,Double,2,8800,17600,300,Yes,Yes,Yes,Yes,Semi Furnished,No,Yes,No
Delhi,South Extension,Double,2,17500,8800,190,No,Yes,Yes,Yes,Fully Furnished,Yes,Yes,Yes
Pune,Viman Nagar,Four Sharing,4,7600,11400,570,Yes,Yes,Yes,No,Fully Furnished,No,Yes,No
Jaipur,Gopalpura,Double,2,7000,7000,320,Yes,Yes,Yes,Yes,Semi Furnished,Yes,Yes,Yes
Prayagraj,George Town,Single,1,7800,7800,260,No,Yes,No,Yes,Fully Furnished,Yes,No,No
Hyderabad,Kukatpally,Triple,3,5100,5100,250,No,Yes,Yes,No,Unfurnished,Yes,Yes,Yes
Mumbai,Bandra West,Double,2,15000,22500,240,No,Yes,Yes,Yes,Semi Furnished,No,No,Yes
Gurugram,Sector 46,Triple,3,13300,13300,260,No,Yes,Yes,Yes,Fully Furnished,Yes,Yes,Yes
Gurugram,Sector 43,Double,2,13900,27800,170,Yes,Yes,Yes,No,Fully Furnished,Yes,Yes,Yes
Jaipur,Pratap Nagar,Double,2,6700,13400,160,Yes,Yes,Yes,Yes,Semi Furnished,Yes,Yes,Yes
Gurugram,Sector 21,Double,2,13300,6600,300,Yes,Yes,No,No,Semi Furnished,Yes,Yes,No
Bengaluru,Koramangala,Single,1,16500,33000,270,No,Yes,Yes,No,Semi Furnished,Yes,No,Yes
Delhi,Laxmi Nagar,Single,1,24900,49800,140,Yes,Yes,Yes,No,Semi Furnished,Yes,Yes,Yes
Bengaluru,Hebbal,Single,1,20700,20700,220,No,Yes,Yes,Yes,Semi Furnished,Yes,No,Yes
Hyderabad,Madhapur,Four Sharing,4,6500,13000,350,Yes,No,No,Yes,Semi Furnished,Yes,Yes,No
Delhi,Rajouri Garden,Single,1,25700,38600,180,No,Yes,Yes,No,Semi Furnished,Yes,Yes,Yes
Delhi,Mukherjee Nagar,Double,2,12400,18600,170,Yes,Yes,No,No,Fully Furnished,No,Yes,Yes
Gurugram,Sector 15,Four Sharing,4,12100,24200,430,Yes,No,No,Yes,Fully Furnished,Yes,Yes,Yes
Hyderabad,Hitech City,Double,2,6600,6600,290,No,Yes,No,No,Semi Furnished,No,Yes,Yes
Jaipur,Pratap Nagar,Double,2,6500,3200,390,No,Yes,Yes,Yes,Unfurnished,Yes,Yes,Yes
Delhi,Hauz Khas,Double,2,16600,8300,310,Yes,No,Yes,Yes,Semi Furnished,No,Yes,Yes
Mumbai,Goregaon,Double,2,12900,12900,320,No,Yes,No,Yes,Fully Furnished,Yes,Yes,Yes
Noida,Sector 137,Single,1,16200,24300,150,No,Yes,No,Yes,Semi Furnished,Yes,Yes,Yes
Prayagraj,Civil Lines,Double,2,6100,9200,210,Yes,Yes,Yes,Yes,Unfurnished,Yes,Yes,Yes
Jaipur,Mansarovar,Triple,3,5600,8400,440,No,Yes,Yes,Yes,Semi Furnished,Yes,Yes,No
Lucknow,Mahanagar,Triple,3,7500,3800,180,Yes,No,Yes,No,Fully Furnished,Yes,Yes,Yes
Mumbai,Goregaon,Single,1,30100,30100,160,Yes,Yes,Yes,Yes,Fully Furnished,Yes,Yes,Yes
Gurugram,Sector 43,Single,1,20300,30400,270,Yes,Yes,Yes,Yes,Unfurnished,No,Yes,Yes
Gurugram,Sector 15,Single,1,23400,23400,260,Yes,Yes,Yes,Yes,Fully Furnished,Yes,Yes,Yes
Gurugram,Sector 14,Double,2,14100,14100,340,Yes,Yes,No,Yes,Semi Furnished,No,Yes,No
Prayagraj,Naini,Single,1,11000,16500,190,Yes,Yes,Yes,Yes,Fully Furnished,No,Yes,Yes
Lucknow,Chinhat,Single,1,10600,5300,150,Yes,Yes,No,No,Unfurnished,No,Yes,Yes
Delhi,Saket,Double,2,13200,6600,350,No,Yes,No,Yes,Semi Furnished,No,Yes,Yes
Lucknow,Alambagh,Triple,3,5800,8700,390,No,Yes,No,Yes,Semi Furnished,Yes,Yes,Yes
Gurugram,Sector 17,Double,2,11900,17800,170,No,Yes,No,Yes,Semi Furnished,No,Yes,Yes
Noida,Sector 51,Double,2,9200,9200,270,Yes,Yes,No,Yes,Unfurnished,No,Yes,Yes
Bengaluru,Whitefield,Triple,3,7400,7400,360,Yes,No,No,No,Semi Furnished,Yes,No,Yes
Gurugram,Sector 43,Double,2,13200,13200,390,Yes,Yes,Yes,No,Semi Furnished,Yes,Yes,Yes
Delhi,Mukherjee Nagar,Single,1,25000,25000,190,Yes,Yes,Yes,Yes,Fully Furnished,No,Yes,Yes
Hyderabad,Madhapur,Double,2,9500,14200,210,Yes,Yes,Yes,Yes,Fully Furnished,No,No,No
Pune,Kharadi,Double,2,10000,20000,310,Yes,Yes,No,No,Fully Furnished,No,Yes,No
Noida,Sector 62,Single,1,15900,23800,260,No,Yes,No,No,Fully Furnished,Yes,Yes,Yes
Delhi,Rohini,Four Sharing,4,11300,17000,550,Yes,Yes,Yes,Yes,Fully Furnished,Yes,Yes,No
Lucknow,Chinhat,Double,2,7700,11600,360,Yes,Yes,No,Yes,Fully Furnished,No,Yes,No
Mumbai,Powai,Single,1,25800,38700,150,No,Yes,Yes,Yes,Fully Furnished,No,Yes,Yes
Delhi,Saket,Double,2,15900,15900,390,Yes,Yes,No,Yes,Fully Furnished,No,Yes,No
Noida,Sector 62,Double,2,11000,16500,380,No,Yes,Yes,Yes,Unfurnished,No,Yes,Yes
Lucknow,Hazratganj,Single,1,13900,13900,170,No,Yes,Yes,Yes,Semi Furnished,Yes,Yes,Yes
Noida,Sector 137,Double,2,9300,9300,280,Yes,Yes,No,No,Fully Furnished,Yes,Yes,No
Lucknow,Chinhat,Double,2,8300,16600,360,No,No,Yes,Yes,Semi Furnished,Yes,Yes,Yes
Gurugram,Sector 15,Double,2,14700,29400,280,Yes,Yes,Yes,Yes,Fully Furnished,No,Yes,No
Hyderabad,Miyapur,Four Sharing,4,4400,8800,230,Yes,Yes,Yes,No,Unfurnished,No,Yes,Yes
Pune,Viman Nagar,Double,2,12300,12300,200,No,Yes,Yes,Yes,Fully Furnished,Yes,Yes,Yes
Jaipur,Malviya Nagar,Single,1,9900,19800,120,No,Yes,No,Yes,Fully Furnished,Yes,Yes,No
Noida,Sector 18,Single,1,15900,8000,130,No,Yes,Yes,Yes,Fully Furnished,No,Yes,No
Lucknow,Alambagh,Double,2,8400,8400,160,Yes,Yes,No,Yes,Unfurnished,Yes,Yes,Yes
Delhi,Karol Bagh,Double,2,17000,25500,170,Yes,No,Yes,Yes,Fully Furnished,Yes,Yes,Yes
Noida,Sector 51,Single,1,15200,15200,210,No,Yes,Yes,Yes,Semi Furnished,No,Yes,Yes
Gurugram,Sector 14,Double,2,12600,12600,360,No,Yes,Yes,Yes,Fully Furnished,No,Yes,Yes
Bengaluru,Koramangala,Double,2,10700,21400,240,Yes,Yes,Yes,Yes,Fully Furnished,No,Yes,Yes
Bengaluru,Bellandur,Single,1,17400,8700,230,Yes,Yes,Yes,No,Unfurnished,Yes,Yes,Yes
Bengaluru,Electronic City,Single,1,16200,24300,250,Yes,Yes,No,Yes,Fully Furnished,Yes,Yes,Yes
Mumbai,Chembur,Four Sharing,4,11700,11700,350,Yes,Yes,Yes,Yes,Fully Furnished,Yes,Yes,Yes
Gurugram,Sector 44,Single,1,25400,50800,280,No,Yes,No,Yes,Fully Furnished,Yes,Yes,Yes
Lucknow,Alambagh,Double,2,7900,4000,310,No,Yes,Yes,Yes,Unfurnished,Yes,Yes,Yes
Lucknow,Hazratganj,Triple,3,4200,8400,470,Yes,Yes,No,Yes,Unfurnished,Yes,Yes,No
Lucknow,Vikas Nagar,Single,1,14000,7000,190,Yes,Yes,Yes,Yes,Fully Furnished,Yes,Yes,Yes
Gurugram,Sector 49,Single,1,26900,13400,170,Yes,Yes,Yes,Yes,Unfurnished,Yes,Yes,Yes
Delhi,Karol Bagh,Four Sharing,4,12000,12000,410,Yes,Yes,Yes,Yes,Fully Furnished,No,Yes,Yes
Hyderabad,Begumpet,Double,2,8600,4300,150,No,Yes,No,Yes,Semi Furnished,Yes,Yes,Yes
Pune,Wakad,Triple,3,8100,4000,210,Yes,Yes,Yes,No,Unfurnished,Yes,Yes,Yes
Noida,Sector 62,Triple,3,7500,7500,370,No,Yes,No,Yes,Fully Furnished,No,Yes,Yes
Gurugram,Sector 43,Single,1,23900,12000,240,No,Yes,No,No,Fully Furnished,Yes,No,Yes
Hyderabad,Gachibowli,Double,2,8400,4200,280,Yes,Yes,Yes,Yes,Semi Furnished,No,Yes,Yes
Prayagraj,Old Katra,Double,2,6500,9800,380,Yes,Yes,No,Yes,Semi Furnished,Yes,Yes,No
Gurugram,Sector 17,Triple,3,11400,5700,200,Yes,Yes,Yes,Yes,Semi Furnished,No,Yes,Yes
Delhi,South Extension,Single,1,20100,10000,140,No,Yes,No,Yes,Semi Furnished,No,Yes,Yes
Jaipur,Jagatpura,Single,1,9600,14400,120,No,Yes,Yes,Yes,Unfurnished,No,Yes,No
Mumbai,Andheri East,Triple,3,13200,26400,210,Yes,Yes,No,Yes,Semi Furnished,No,Yes,Yes
Delhi,Rohini,Double,2,14100,28200,240,Yes,Yes,No,Yes,Fully Furnished,Yes,Yes,Yes
Delhi,Mukherjee Nagar,Double,2,16800,8400,240,Yes,Yes,Yes,No,Fully Furnished,No,No,Yes
Bengaluru,JP Nagar,Triple,3,7300,7300,190,No,Yes,No,Yes,Semi Furnished,No,Yes,Yes
Mumbai,Malad,Single,1,27500,55000,280,Yes,Yes,Yes,Yes,Semi Furnished,Yes,Yes,No
Delhi,Vijay Nagar,Single,1,27700,27700,130,Yes,Yes,No,Yes,Semi Furnished,Yes,Yes,Yes
Lucknow,Chinhat,Four Sharing,4,4900,9800,480,No,Yes,No,Yes,Semi Furnished,Yes,Yes,Yes
Lucknow,Alambagh,Four Sharing,4,5800,5800,320,Yes,Yes,No,Yes,Fully Furnished,No,Yes,Yes
Prayagraj,George Town,Double,2,6100,12200,390,Yes,Yes,No,Yes,Semi Furnished,Yes,Yes,Yes
Mumbai,Bandra West,Single,1,26100,13000,190,No,Yes,No,Yes,Fully Furnished,No,Yes,Yes
Pune,Hinjewadi,Double,2,10200,15300,380,No,Yes,Yes,Yes,Fully Furnished,No,Yes,Yes
Delhi,Laxmi Nagar,Single,1,20300,10200,270,Yes,No,No,Yes,Semi Furnished,No,Yes,No
Gurugram,Sector 44,Triple,3,11000,22000,370,No,Yes,No,Yes,Fully Furnished,No,Yes,Yes
Delhi,South Extension,Single,1,30400,15200,170,Yes,Yes,Yes,Yes,Semi Furnished,No,No,No
Prayagraj,Naini,Single,1,8100,12200,270,Yes,Yes,No,No,Semi Furnished,No,No,Yes
Mumbai,Andheri West,Single,1,27700,27700,130,Yes,Yes,Yes,Yes,Semi Furnished,Yes,Yes,Yes
Lucknow,Gomti Nagar,Double,2,6300,6300,270,Yes,Yes,No,Yes,Unfurnished,Yes,Yes,Yes
Gurugram,Sector 15,Double,2,17500,17500,250,Yes,Yes,Yes,Yes,Fully Furnished,Yes,No,Yes
Noida,Sector 62,Triple,3,8100,12200,280,No,Yes,Yes,Yes,Semi Furnished,No,No,No
Gurugram,Sector 49,Single,1,21000,42000,230,Yes,Yes,No,Yes,Semi Furnished,No,Yes,Yes
Lucknow,Vikas Nagar,Triple,3,6400,6400,490,Yes,Yes,No,Yes,Fully Furnished,No,No,Yes
Mumbai,Goregaon,Double,2,15800,23700,320,Yes,Yes,No,Yes,Fully Furnished,No,Yes,Yes
Pune,Wakad,Double,2,9100,4600,230,No,Yes,Yes,No,Unfurnished,No,Yes,Yes
Bengaluru,Whitefield,Triple,3,8100,4000,290,No,Yes,No,No,Unfurnished,Yes,Yes,Yes
Jaipur,Pratap Nagar,Single,1,12000,18000,290,Yes,Yes,No,No,Semi Furnished,Yes,Yes,Yes
Lucknow,Gomti Nagar,Double,2,8300,16600,240,Yes,Yes,No,Yes,Fully Furnished,Yes,Yes,Yes
Noida,Sector 51,Double,2,10500,15800,350,No,Yes,No,Yes,Fully Furnished,No,Yes,No
Noida,Sector 137,Triple,3,6800,6800,270,Yes,Yes,No,Yes,Fully Furnished,No,No,Yes
Noida,Sector 16,Double,2,8700,8700,220,Yes,Yes,No,Yes,Fully Furnished,No,Yes,Yes
Prayagraj,Naini,Triple,3,5200,5200,380,Yes,Yes,Yes,Yes,Fully Furnished,No,Yes,No
Bengaluru,HSR Layout,Single,1,16500,16500,170,Yes,Yes,No,Yes,Fully Furnished,Yes,Yes,Yes
Pune,Kharadi,Double,2,10400,5200,300,Yes,Yes,No,Yes,Fully Furnished,Yes,Yes,Yes
Lucknow,Indira Nagar,Single,1,16600,24900,240,Yes,Yes,Yes,Yes,Semi Furnished,Yes,No,No
Prayagraj,Old Katra,Double,2,5100,5100,230,Yes,Yes,No,Yes,Semi Furnished,No,No,No
Bengaluru,Electronic City,Triple,3,8000,8000,370,Yes,Yes,Yes,Yes,Semi Furnished,No,No,Yes
Mumbai,Chembur,Triple,3,10000,15000,360,Yes,Yes,No,Yes,Semi Furnished,No,No,Yes
Pune,Wakad,Single,1,14000,7000,170,No,Yes,Yes,No,Unfurnished,Yes,Yes,Yes
Mumbai,Andheri West,Triple,3,12700,6400,190,Yes,No,Yes,Yes,Fully Furnished,Yes,Yes,Yes
Prayagraj,George Town,Double,2,6500,6500,210,Yes,Yes,Yes,Yes,Semi Furnished,No,Yes,Yes
Noida,Sector 15,Single,1,20100,20100,240,Yes,No,Yes,Yes,Fully Furnished,No,Yes,Yes
Lucknow,Jankipuram,Triple,3,6600,3300,340,Yes,Yes,No,Yes,Semi Furnished,Yes,Yes,Yes
Noida,Sector 76,Four Sharing,4,6700,6700,520,Yes,Yes,No,No,Semi Furnished,Yes,Yes,Yes
Hyderabad,Ameerpet,Single,1,17300,17300,190,Yes,Yes,Yes,Yes,Fully Furnished,Yes,Yes,Yes
Pune,Kothrud,Triple,3,8900,13400,220,No,Yes,Yes,Yes,Fully Furnished,No,Yes,Yes
Bengaluru,Marathahalli,Double,2,10800,5400,150,Yes,Yes,Yes,No,Fully Furnished,Yes,Yes,Yes
Delhi,Saket,Double,2,13900,13900,270,Yes,Yes,No,Yes,Semi Furnished,No,Yes,Yes
Delhi,Vijay Nagar,Single,1,27900,14000,140,No,Yes,Yes,Yes,Fully Furnished,Yes,Yes,Yes
Delhi,Vijay Nagar,Double,2,16800,8400,290,Yes,Yes,No,Yes,Semi Furnished,No,Yes,Yes
Gurugram,Sector 15,Four Sharing,4,9600,14400,230,Yes,Yes,Yes,Yes,Fully Furnished,No,Yes,Yes
Delhi,Hauz Khas,Four Sharing,4,10700,16000,540,Yes,Yes,No,Yes,Fully Furnished,No,Yes,Yes
Jaipur,Pratap Nagar,Triple,3,6500,6500,430,Yes,Yes,Yes,Yes,Fully Furnished,Yes,Yes,Yes
Pune,Aundh,Triple,3,7700,15400,460,Yes,Yes,Yes,Yes,Semi Furnished,No,Yes,Yes
Gurugram,Sector 15,Double,2,17900,17900,190,Yes,Yes,Yes,Yes,Semi Furnished,Yes,Yes,Yes
Delhi,Vijay Nagar,Double,2,18500,18500,190,Yes,Yes,Yes,Yes,Fully Furnished,No,Yes,Yes
Lucknow,Vikas Nagar,Single,1,14600,29200,220,Yes,Yes,No,Yes,Semi Furnished,Yes,No,Yes
Jaipur,Malviya Nagar,Double,2,6200,9300,320,No,Yes,No,No,Fully Furnished,Yes,Yes,Yes
Delhi,Karol Bagh,Double,2,13800,13800,350,Yes,Yes,No,Yes,Semi Furnished,No,Yes,No
Mumbai,Thane,Triple,3,12500,12500,220,Yes,Yes,Yes,Yes,Semi Furnished,Yes,Yes,Yes
Noida,Sector 52,Double,2,8400,16800,290,No,Yes,No,Yes,Unfurnished,No,Yes,Yes
Lucknow,Chinhat,Triple,3,6300,6300,360,No,Yes,Yes,Yes,Fully Furnished,Yes,Yes,No
Hyderabad,Kukatpally,Single,1,16100,16100,130,Yes,Yes,Yes,Yes,Unfurnished,Yes,No,Yes
Hyderabad,Miyapur,Triple,3,7000,3500,400,No,Yes,No,No,Semi Furnished,Yes,Yes,Yes
Mumbai,Vikhroli,Double,2,17000,17000,380,No,Yes,Yes,No,Semi Furnished,Yes,No,No
Gurugram,Sector 21,Four Sharing,4,7900,7900,500,No,Yes,No,Yes,Fully Furnished,Yes,Yes,No
Delhi,Dwarka,Triple,3,10600,5300,290,No,No,No,No,Fully Furnished,No,Yes,No
Bengaluru,Electronic City,Double,2,12500,12500,180,Yes,Yes,Yes,Yes,Fully Furnished,Yes,Yes,Yes
Noida,Sector 76,Double,2,11900,6000,160,No,No,Yes,Yes,Fully Furnished,Yes,Yes,Yes
Delhi,Dwarka,Triple,3,9200,13800,490,No,Yes,No,Yes,Unfurnished,No,Yes,Yes
Gurugram,Sector 21,Triple,3,12600,6300,220,No,Yes,Yes,Yes,Semi Furnished,Yes,Yes,Yes
Gurugram,Sector 15,Single,1,21100,42200,120,Yes,Yes,No,Yes,Fully Furnished,Yes,Yes,No
Bengaluru,Electronic City,Double,2,10800,10800,340,Yes,No,No,Yes,Semi Furnished,No,No,Yes
Hyderabad,Kukatpally,Double,2,10400,5200,310,No,Yes,Yes,Yes,Fully Furnished,Yes,Yes,Yes
Noida,Sector 52,Triple,3,9600,19200,340,No,Yes,Yes,Yes,Fully Furnished,No,No,Yes
Noida,Sector 16,Double,2,9900,9900,240,Yes,No,No,Yes,Unfurnished,Yes,Yes,Yes
Pune,Baner,Double,2,10700,16000,200,No,Yes,No,No,Semi Furnished,Yes,Yes,Yes
Delhi,Rohini,Triple,3,13300,13300,180,Yes,Yes,Yes,Yes,Semi Furnished,Yes,Yes,Yes
Jaipur,Tonk Road,Triple,3,4800,4800,320,No,Yes,No,No,Unfurnished,Yes,Yes,Yes
Prayagraj,Dhoomanganj,Single,1,11300,17000,270,No,Yes,Yes,Yes,Semi Furnished,Yes,Yes,Yes
Mumbai,Andheri West,Single,1,26100,26100,120,Yes,Yes,Yes,Yes,Fully Furnished,No,Yes,Yes
Mumbai,Powai,Double,2,14500,14500,280,No,No,Yes,Yes,Fully Furnished,No,No,Yes
Gurugram,Sector 44,Double,2,12900,12900,180,Yes,Yes,No,Yes,Fully Furnished,No,Yes,Yes
Lucknow,Aliganj,Double,2,7000,10500,330,Yes,Yes,Yes,Yes,Semi Furnished,Yes,Yes,Yes
Delhi,Mukherjee Nagar,Four Sharing,4,11400,11400,320,Yes,Yes,No,Yes,Semi Furnished,Yes,Yes,Yes
Noida,Sector 15,Single,1,17600,17600,230,Yes,Yes,Yes,Yes,Semi Furnished,No,Yes,Yes
Gurugram,Sector 14,Double,2,14700,22000,340,Yes,Yes,Yes,Yes,Fully Furnished,Yes,Yes,Yes
Noida,Sector 18,Single,1,17200,8600,140,Yes,Yes,No,No,Semi Furnished,No,Yes,Yes
Gurugram,Sector 43,Double,2,14800,14800,360,Yes,Yes,No,Yes,Fully Furnished,Yes,Yes,Yes
Prayagraj,Tagore Town,Single,1,9900,9900,220,Yes,Yes,Yes,No,Semi Furnished,Yes,Yes,Yes
Bengaluru,Koramangala,Single,1,18200,9100,250,Yes,Yes,Yes,Yes,Semi Furnished,No,Yes,No
Lucknow,Gomti Nagar,Double,2,8000,12000,300,Yes,No,Yes,Yes,Fully Furnished,Yes,Yes,Yes
Delhi,Vijay Nagar,Single,1,27200,40800,140,Yes,Yes,Yes,Yes,Fully Furnished,Yes,Yes,Yes
Pune,Wakad,Single,1,16400,16400,250,Yes,Yes,Yes,Yes,Unfurnished,No,Yes,Yes
Jaipur,Vaishali Nagar,Double,2,7000,3500,340,No,Yes,No,No,Semi Furnished,Yes,Yes,Yes
Noida,Sector 76,Triple,3,8400,8400,230,Yes,Yes,Yes,Yes,Fully Furnished,No,Yes,Yes
Noida,Sector 62,Single,1,18500,37000,230,Yes,Yes,Yes,Yes,Unfurnished,No,Yes,Yes
Delhi,Laxmi Nagar,Triple,3,10800,10800,430,Yes,Yes,No,No,Fully Furnished,No,Yes,No
Delhi,Karol Bagh,Single,1,29400,29400,130,Yes,Yes,Yes,Yes,Fully Furnished,No,Yes,Yes
Noida,Sector 137,Double,2,9700,9700,360,Yes,Yes,No,Yes,Semi Furnished,Yes,Yes,Yes
Delhi,South Extension,Double,2,13100,13100,300,No,Yes,No,Yes,Fully Furnished,No,Yes,Yes
Delhi,Mukherjee Nagar,Double,2,13900,7000,380,Yes,No,Yes,Yes,Semi Furnished,No,Yes,No
Noida,Sector 62,Double,2,9300,9300,180,No,Yes,Yes,Yes,Semi Furnished,Yes,No,Yes
Delhi,Saket,Double,2,16900,25400,290,Yes,Yes,Yes,Yes,Fully Furnished,No,Yes,No
Prayagraj,George Town,Triple,3,4900,2400,320,No,Yes,No,Yes,Fully Furnished,Yes,Yes,Yes
Delhi,Rohini,Single,1,24500,24500,290,Yes,Yes,Yes,Yes,Semi Furnished,Yes,Yes,No
Jaipur,Gopalpura,Triple,3,5800,5800,220,Yes,Yes,Yes,Yes,Fully Furnished,Yes,Yes,Yes
Bengaluru,Marathahalli,Double,2,12300,12300,320,Yes,Yes,Yes,Yes,Fully Furnished,Yes,Yes,Yes
Hyderabad,Ameerpet,Single,1,12300,24600,150,Yes,Yes,No,Yes,Fully Furnished,No,Yes,Yes
Lucknow,Alambagh,Single,1,14400,14400,230,Yes,Yes,No,Yes,Semi Furnished,Yes,Yes,No
Lucknow,Vikas Nagar,Single,1,12500,18800,220,Yes,Yes,No,Yes,Semi Furnished,No,No,Yes
Noida,Sector 52,Triple,3,9300,18600,380,Yes,Yes,Yes,Yes,Fully Furnished,No,No,Yes
Lucknow,Jankipuram,Triple,3,6100,6100,190,Yes,Yes,Yes,Yes,Fully Furnished,No,Yes,Yes
Prayagraj,Allahpur,Triple,3,4800,2400,390,No,Yes,Yes,Yes,Semi Furnished,No,Yes,No
Pune,Viman Nagar,Double,2,11200,5600,230,Yes,Yes,Yes,Yes,Semi Furnished,Yes,Yes,No
Prayagraj,George Town,Double,2,7300,11000,390,Yes,Yes,Yes,Yes,Semi Furnished,Yes,Yes,Yes
Bengaluru,Hebbal,Double,2,10000,5000,260,Yes,Yes,Yes,Yes,Fully Furnished,No,Yes,Yes
Gurugram,Sector 21,Single,1,26700,26700,280,Yes,Yes,Yes,Yes,Semi Furnished,Yes,Yes,Yes
Bengaluru,Koramangala,Four Sharing,4,6900,10400,470,No,Yes,Yes,No,Fully Furnished,No,Yes,Yes
Mumbai,Bandra West,Double,2,14400,7200,380,Yes,Yes,Yes,Yes,Semi Furnished,No,Yes,No
Gurugram,Sector 21,Double,2,13900,20800,150,No,Yes,No,Yes,Unfurnished,No,Yes,Yes
Noida,Sector 137,Triple,3,9000,18000,440,No,Yes,Yes,No,Fully Furnished,Yes,Yes,No
Mumbai,Goregaon,Triple,3,12800,19200,200,No,Yes,Yes,Yes,Fully Furnished,Yes,Yes,No
Noida,Sector 15,Double,2,10700,10700,230,Yes,Yes,Yes,No,Semi Furnished,Yes,Yes,Yes
Pune,Hinjewadi,Triple,3,9300,14000,440,Yes,Yes,No,Yes,Semi Furnished,No,Yes,No
Jaipur,Tonk Road,Double,2,8900,8900,220,Yes,Yes,Yes,Yes,Fully Furnished,No,Yes,Yes
Noida,Sector 76,Four Sharing,4,6200,3100,560,No,Yes,No,No,Semi Furnished,No,Yes,No
Noida,Sector 16,Double,2,9200,9200,320,No,Yes,Yes,Yes,Semi Furnished,No,Yes,No
Mumbai,Chembur,Double,2,12100,12100,250,Yes,Yes,No,No,Fully Furnished,No,Yes,Yes
Noida,Sector 137,Single,1,18800,28200,280,No,Yes,Yes,Yes,Fully Furnished,No,Yes,No
Delhi,Karol Bagh,Double,2,14200,14200,330,Yes,Yes,No,Yes,Unfurnished,Yes,Yes,Yes
Prayagraj,Teliarganj,Triple,3,4300,2200,490,Yes,Yes,Yes,Yes,Fully Furnished,Yes,Yes,Yes
Jaipur,Jagatpura,Triple,3,5600,5600,250,Yes,Yes,No,Yes,Semi Furnished,Yes,Yes,No
Pune,Kharadi,Double,2,11900,11900,270,No,Yes,Yes,Yes,Fully Furnished,Yes,Yes,Yes
Noida,Sector 27,Triple,3,7800,15600,260,Yes,Yes,No,No,Fully Furnished,No,No,Yes
Gurugram,Sector 17,Double,2,15100,22600,360,No,Yes,No,Yes,Semi Furnished,No,Yes,No
Gurugram,Sector 44,Four Sharing,4,9000,9000,460,No,No,No,Yes,Semi Furnished,No,Yes,No
Mumbai,Vikhroli,Single,1,26000,39000,230,No,Yes,No,Yes,Semi Furnished,No,Yes,Yes
Noida,Sector 63,Single,1,14100,28200,270,No,Yes,No,Yes,Fully Furnished,Yes,Yes,Yes
Pune,Hinjewadi,Double,2,9100,13600,220,No,No,No,No,Semi Furnished,Yes,No,Yes
Prayagraj,Katra,Triple,3,5100,5100,320,Yes,Yes,No,Yes,Semi Furnished,Yes,Yes,No
Prayagraj,George Town,Double,2,5200,5200,290,Yes,Yes,No,No,Fully Furnished,Yes,Yes,Yes
Mumbai,Malad,Double,2,16000,8000,300,Yes,Yes,Yes,Yes,Fully Furnished,Yes,Yes,Yes
Jaipur,C-Scheme,Single,1,9700,4800,200,No,Yes,No,No,Fully Furnished,No,Yes,Yes
Delhi,Laxmi Nagar,Double,2,14000,21000,220,No,Yes,No,No,Fully Furnished,Yes,Yes,Yes
Hyderabad,Begumpet,Single,1,14700,29400,220,No,Yes,Yes,Yes,Semi Furnished,Yes,Yes,Yes
Jaipur,Raja Park,Triple,3,6400,6400,200,Yes,Yes,No,Yes,Semi Furnished,Yes,Yes,No
Jaipur,Jagatpura,Double,2,6800,13600,270,Yes,Yes,Yes,No,Semi Furnished,No,Yes,Yes
Hyderabad,Madhapur,Triple,3,6800,13600,410,No,Yes,No,Yes,Fully Furnished,Yes,No,Yes
Delhi,Laxmi Nagar,Double,2,18300,9200,260,Yes,Yes,Yes,Yes,Fully Furnished,Yes,Yes,Yes
Noida,Sector 52,Double,2,11500,11500,210,No,Yes,Yes,No,Semi Furnished,Yes,Yes,No
Gurugram,Sector 17,Four Sharing,4,10000,10000,430,Yes,Yes,No,Yes,Fully Furnished,Yes,No,Yes
Delhi,Dwarka,Four Sharing,4,11400,11400,310,No,Yes,Yes,No,Fully Furnished,Yes,Yes,No
Delhi,Mukherjee Nagar,Double,2,16000,24000,310,Yes,Yes,Yes,Yes,Fully Furnished,No,Yes,Yes
Bengaluru,Bellandur,Triple,3,10200,10200,280,No,Yes,Yes,Yes,Fully Furnished,Yes,Yes,Yes
Delhi,Saket,Triple,3,12200,18300,230,Yes,Yes,Yes,No,Fully Furnished,No,No,Yes
Noida,Sector 76,Single,1,17100,17100,230,Yes,Yes,Yes,Yes,Fully Furnished,No,Yes,No
Lucknow,Aliganj,Single,1,13400,13400,270,Yes,Yes,Yes,Yes,Unfurnished,Yes,Yes,Yes
Prayagraj,Katra,Single,1,9400,9400,230,Yes,Yes,Yes,Yes,Fully Furnished,Yes,Yes,Yes
Bengaluru,Bellandur,Triple,3,7800,15600,350,No,No,No,No,Fully Furnished,No,Yes,Yes
Delhi,South Extension,Four Sharing,4,8500,4200,570,Yes,No,No,Yes,Fully Furnished,No,Yes,Yes
Bengaluru,Bellandur,Triple,3,9500,9500,270,Yes,Yes,Yes,Yes,Semi Furnished,No,No,Yes
Delhi,Rohini,Single,1,24900,49800,130,Yes,Yes,No,No,Semi Furnished,No,Yes,Yes
Jaipur,Pratap Nagar,Single,1,11900,11900,140,Yes,Yes,No,Yes,Semi Furnished,No,Yes,Yes
Jaipur,Jagatpura,Double,2,7000,14000,170,No,Yes,Yes,Yes,Semi Furnished,Yes,Yes,Yes
Hyderabad,Madhapur,Single,1,10600,5300,160,Yes,Yes,No,No,Unfurnished,Yes,No,No
Bengaluru,Bellandur,Double,2,11400,22800,380,Yes,Yes,No,No,Fully Furnished,Yes,Yes,Yes
Gurugram,Sector 17,Triple,3,12500,12500,290,Yes,Yes,Yes,Yes,Semi Furnished,No,Yes,Yes
Pune,FC Road,Double,2,9900,5000,340,Yes,Yes,Yes,No,Semi Furnished,Yes,Yes,Yes
Mumbai,Andheri West,Triple,3,13100,19600,230,Yes,No,No,Yes,Fully Furnished,No,Yes,Yes
Hyderabad,Gachibowli,Single,1,13900,13900,200,No,Yes,No,Yes,Semi Furnished,No,Yes,No
Pune,Kharadi,Four Sharing,4,5500,2800,410,No,Yes,No,No,Unfurnished,No,Yes,Yes
Jaipur,Raja Park,Four Sharing,4,5900,3000,270,No,Yes,Yes,Yes,Semi Furnished,No,Yes,Yes
Noida,Sector 18,Single,1,19000,9500,260,No,Yes,Yes,No,Semi Furnished,Yes,No,Yes
Delhi,Vijay Nagar,Double,2,13500,13500,250,Yes,Yes,No,No,Semi Furnished,Yes,No,No
Noida,Sector 15,Triple,3,9200,9200,280,Yes,Yes,No,No,Fully Furnished,Yes,Yes,Yes
Hyderabad,Madhapur,Triple,3,7800,3900,440,No,Yes,Yes,Yes,Unfurnished,Yes,Yes,No
Noida,Sector 27,Double,2,11600,17400,290,Yes,Yes,Yes,No,Fully Furnished,Yes,Yes,Yes
Hyderabad,Begumpet,Single,1,11500,17200,130,Yes,Yes,No,Yes,Fully Furnished,No,Yes,No
Prayagraj,George Town,Single,1,10300,5200,200,Yes,Yes,Yes,Yes,Fully Furnished,No,Yes,Yes
Gurugram,Sector 17,Triple,3,10300,10300,310,No,No,Yes,No,Unfurnished,No,No,Yes
Delhi,Mukherjee Nagar,Double,2,15400,23100,260,No,Yes,No,No,Semi Furnished,No,Yes,Yes
Delhi,Saket,Triple,3,11100,11100,340,No,Yes,No,Yes,Unfurnished,Yes,Yes,Yes
Jaipur,Mansarovar,Four Sharing,4,4900,4900,250,Yes,Yes,Yes,No,Fully Furnished,No,Yes,Yes
Noida,Sector 63,Single,1,14300,14300,280,Yes,Yes,No,Yes,Fully Furnished,Yes,Yes,Yes
Pune,Kothrud,Triple,3,7300,7300,450,Yes,Yes,Yes,Yes,Semi Furnished,No,No,Yes
Prayagraj,Salori,Double,2,6400,6400,190,Yes,Yes,Yes,Yes,Fully Furnished,No,Yes,Yes
Gurugram,Sector 21,Single,1,21100,21100,140,Yes,Yes,No,Yes,Semi Furnished,Yes,Yes,Yes
Noida,Sector 18,Single,1,17600,8800,240,Yes,Yes,No,Yes,Fully Furnished,No,Yes,Yes
Mumbai,Thane,Double,2,14600,21900,360,No,Yes,Yes,No,Fully Furnished,No,Yes,Yes
Delhi,Laxmi Nagar,Single,1,22100,22100,190,Yes,Yes,Yes,Yes,Semi Furnished,No,Yes,No
Prayagraj,Ashok Nagar,Double,2,6100,6100,370,No,Yes,Yes,Yes,Unfurnished,No,Yes,Yes
Delhi,Karol Bagh,Single,1,26200,13100,250,Yes,Yes,Yes,No,Fully Furnished,No,Yes,Yes
Pune,Viman Nagar,Four Sharing,4,6400,12800,230,Yes,Yes,No,Yes,Semi Furnished,Yes,Yes,No
Noida,Sector 16,Double,2,9500,19000,370,No,Yes,No,Yes,Semi Furnished,Yes,Yes,No
Mumbai,Chembur,Single,1,26800,26800,240,Yes,Yes,No,Yes,Semi Furnished,No,Yes,Yes
Hyderabad,Kondapur,Single,1,13000,13000,210,Yes,Yes,No,No,Unfurnished,No,No,Yes
Gurugram,DLF Phase 3,Triple,3,11700,17600,430,Yes,Yes,Yes,Yes,Fully Furnished,Yes,Yes,Yes
Noida,Sector 27,Double,2,8900,17800,300,No,Yes,No,Yes,Semi Furnished,No,Yes,Yes
Gurugram,DLF Phase 2,Single,1,22200,22200,120,Yes,Yes,No,No,Fully Furnished,No,Yes,Yes
Gurugram,Sector 21,Double,2,16800,16800,170,Yes,No,Yes,Yes,Fully Furnished,Yes,Yes,Yes
Hyderabad,Madhapur,Triple,3,7300,3600,400,Yes,Yes,Yes,Yes,Fully Furnished,No,Yes,Yes
Pune,Baner,Double,2,10200,15300,320,Yes,Yes,Yes,Yes,Semi Furnished,Yes,Yes,Yes
Gurugram,Sector 15,Single,1,23000,23000,130,No,Yes,Yes,Yes,Fully Furnished,No,Yes,Yes
Delhi,Dwarka,Double,2,15800,23700,270,Yes,No,Yes,No,Semi Furnished,Yes,Yes,Yes
Delhi,Laxmi Nagar,Double,2,12400,12400,200,Yes,Yes,No,Yes,Semi Furnished,No,Yes,Yes
Lucknow,Mahanagar,Single,1,12700,12700,210,No,Yes,No,Yes,Fully Furnished,Yes,No,Yes
Delhi,Karol Bagh,Single,1,23400,23400,150,Yes,Yes,Yes,Yes,Unfurnished,Yes,No,No
Noida,Sector 18,Single,1,16100,16100,240,Yes,Yes,Yes,No,Semi Furnished,No,Yes,Yes
Gurugram,Sector 21,Double,2,15400,7700,240,Yes,Yes,Yes,No,Fully Furnished,Yes,Yes,Yes
Delhi,Mukherjee Nagar,Triple,3,11900,11900,380,Yes,Yes,No,Yes,Fully Furnished,Yes,Yes,No
Pune,Hinjewadi,Four Sharing,4,7600,15200,410,Yes,Yes,Yes,Yes,Semi Furnished,Yes,Yes,Yes
Delhi,Dwarka,Single,1,28300,14200,210,Yes,Yes,Yes,Yes,Semi Furnished,Yes,No,Yes
Noida,Sector 62,Triple,3,8400,8400,450,No,Yes,Yes,Yes,Fully Furnished,No,Yes,Yes
Delhi,Laxmi Nagar,Four Sharing,4,12200,24400,390,Yes,Yes,Yes,Yes,Fully Furnished,Yes,No,Yes
Delhi,Dwarka,Double,2,18600,18600,350,Yes,Yes,Yes,Yes,Fully Furnished,No,Yes,Yes
Delhi,Karol Bagh,Double,2,17700,35400,180,Yes,Yes,Yes,Yes,Semi Furnished,Yes,No,Yes
Delhi,Laxmi Nagar,Triple,3,10300,15400,270,Yes,Yes,No,Yes,Unfurnished,Yes,Yes,Yes
Jaipur,Malviya Nagar,Double,2,8000,4000,240,Yes,Yes,Yes,No,Semi Furnished,Yes,Yes,Yes
Bengaluru,Whitefield,Double,2,11800,23600,170,Yes,Yes,Yes,Yes,Semi Furnished,Yes,No,Yes
Gurugram,Sector 17,Double,2,15800,15800,220,No,Yes,Yes,No,Semi Furnished,Yes,Yes,No
Delhi,Dwarka,Four Sharing,4,12500,12500,570,Yes,Yes,Yes,Yes,Fully Furnished,No,Yes,Yes
Lucknow,Ashiyana,Single,1,14300,28600,280,No,Yes,Yes,No,Fully Furnished,Yes,Yes,No
Lucknow,Gomti Nagar,Double,2,8900,13400,340,Yes,Yes,No,Yes,Semi Furnished,No,Yes,No
Bengaluru,Koramangala,Single,1,14300,21400,220,No,Yes,No,No,Semi Furnished,Yes,Yes,Yes
Delhi,Saket,Single,1,21700,10800,290,Yes,Yes,No,Yes,Fully Furnished,No,Yes,No
Lucknow,Hazratganj,Triple,3,5800,5800,380,Yes,Yes,Yes,No,Fully Furnished,Yes,Yes,No
Mumbai,Powai,Triple,3,12500,6200,420,No,Yes,No,Yes,Fully Furnished,Yes,No,Yes
Delhi,Karol Bagh,Double,2,14900,22400,310,No,Yes,No,Yes,Semi Furnished,No,Yes,Yes
Bengaluru,JP Nagar,Triple,3,11100,11100,400,Yes,Yes,Yes,Yes,Fully Furnished,Yes,No,Yes
Noida,Sector 16,Four Sharing,4,7400,14800,280,No,Yes,Yes,Yes,Semi Furnished,No,Yes,Yes
Delhi,Rohini,Triple,3,9700,14600,370,No,Yes,No,Yes,Semi Furnished,Yes,Yes,Yes
Gurugram,Sector 43,Single,1,23700,23700,240,Yes,Yes,No,Yes,Semi Furnished,Yes,Yes,Yes
Pune,Hadapsar,Double,2,11400,11400,340,No,Yes,Yes,Yes,Semi Furnished,No,No,Yes
Mumbai,Thane,Single,1,25600,51200,250,No,Yes,Yes,No,Fully Furnished,Yes,Yes,No
Pune,Hinjewadi,Double,2,9300,18600,160,No,Yes,No,No,Fully Furnished,No,Yes,Yes
Noida,Sector 16,Single,1,18200,36400,250,No,Yes,Yes,No,Fully Furnished,Yes,Yes,Yes
Pune,Wakad,Four Sharing,4,6400,6400,320,No,Yes,No,Yes,Fully Furnished,No,Yes,Yes
Gurugram,Sector 49,Double,2,14100,7000,330,Yes,Yes,No,Yes,Unfurnished,Yes,Yes,No
Jaipur,C-Scheme,Double,2,7900,15800,300,Yes,Yes,Yes,Yes,Fully Furnished,No,No,Yes
Delhi,South Extension,Single,1,21900,32800,180,No,Yes,No,No,Fully Furnished,No,Yes,No
Jaipur,Gopalpura,Triple,3,6000,9000,480,Yes,No,Yes,No,Fully Furnished,No,Yes,Yes
Delhi,Hauz Khas,Single,1,27300,54600,160,Yes,Yes,Yes,No,Fully Furnished,No,Yes,Yes
Gurugram,Sector 15,Triple,3,11500,11500,200,Yes,Yes,Yes,No,Semi Furnished,No,Yes,No
Delhi,Karol Bagh,Double,2,17100,8600,190,Yes,Yes,Yes,Yes,Unfurnished,Yes,No,Yes
Jaipur,Jagatpura,Double,2,6100,12200,250,No,Yes,Yes,No,Fully Furnished,No,Yes,Yes
Noida,Sector 52,Triple,3,8400,8400,250,Yes,Yes,Yes,No,Fully Furnished,Yes,Yes,Yes
Prayagraj,Naini,Double,2,6700,10000,270,Yes,Yes,Yes,Yes,Fully Furnished,Yes,Yes,No
Prayagraj,Old Katra,Four Sharing,4,3400,6800,240,No,Yes,Yes,Yes,Unfurnished,No,Yes,Yes
Lucknow,Gomti Nagar,Double,2,8500,8500,150,No,Yes,Yes,Yes,Semi Furnished,No,Yes,Yes
Pune,FC Road,Double,2,8300,16600,190,No,Yes,Yes,Yes,Unfurnished,Yes,Yes,Yes
Delhi,Karol Bagh,Single,1,24100,36200,180,No,Yes,Yes,Yes,Semi Furnished,Yes,Yes,Yes
Delhi,Mukherjee Nagar,Triple,3,15400,30800,200,Yes,Yes,Yes,Yes,Fully Furnished,No,No,Yes
Delhi,Vijay Nagar,Triple,3,14300,7200,300,No,Yes,Yes,Yes,Fully Furnished,Yes,No,Yes
Delhi,Rajouri Garden,Single,1,25400,50800,200,No,Yes,No,Yes,Fully Furnished,Yes,Yes,No
Delhi,Dwarka,Double,2,18500,18500,340,Yes,Yes,Yes,Yes,Semi Furnished,Yes,Yes,Yes
Noida,Sector 137,Triple,3,7800,7800,330,No,Yes,Yes,Yes,Fully Furnished,No,Yes,No
Delhi,Karol Bagh,Double,2,19200,38400,240,Yes,Yes,Yes,Yes,Semi Furnished,No,No,Yes
Prayagraj,Katra,Double,2,7700,7700,330,Yes,Yes,Yes,No,Fully Furnished,Yes,Yes,Yes
Hyderabad,Begumpet,Double,2,10200,10200,200,Yes,Yes,Yes,Yes,Semi Furnished,No,Yes,Yes
Delhi,Saket,Double,2,18300,9200,200,Yes,Yes,Yes,Yes,Semi Furnished,Yes,Yes,Yes
Delhi,Mukherjee Nagar,Double,2,14800,14800,370,Yes,Yes,Yes,No,Unfurnished,Yes,Yes,No
Lucknow,Vikas Nagar,Four Sharing,4,5400,2700,510,No,Yes,Yes,Yes,Semi Furnished,No,Yes,No
Gurugram,Sector 44,Single,1,28200,14100,250,Yes,Yes,Yes,Yes,Semi Furnished,No,Yes,Yes
Delhi,Laxmi Nagar,Double,2,12500,6200,280,Yes,Yes,Yes,No,Unfurnished,No,Yes,Yes
Delhi,Laxmi Nagar,Four Sharing,4,11100,5600,470,Yes,Yes,No,Yes,Semi Furnished,Yes,Yes,Yes
Bengaluru,Whitefield,Triple,3,8600,8600,200,Yes,Yes,Yes,Yes,Semi Furnished,No,Yes,No
Noida,Sector 27,Single,1,16400,24600,260,Yes,Yes,Yes,Yes,Fully Furnished,No,Yes,Yes
Mumbai,Chembur,Single,1,28400,14200,190,Yes,Yes,Yes,No,Fully Furnished,Yes,Yes,Yes
Prayagraj,Naini,Single,1,10100,10100,120,Yes,Yes,No,Yes,Fully Furnished,No,Yes,Yes
Delhi,Hauz Khas,Triple,3,11300,5600,430,No,Yes,No,Yes,Semi Furnished,No,Yes,Yes
Delhi,Dwarka,Triple,3,11400,5700,300,Yes,Yes,No,Yes,Fully Furnished,No,Yes,Yes
Noida,Sector 52,Four Sharing,4,8200,8200,250,Yes,Yes,No,Yes,Fully Furnished,Yes,Yes,Yes
Hyderabad,Hitech City,Triple,3,6700,10000,320,Yes,Yes,Yes,Yes,Unfurnished,Yes,Yes,Yes
Lucknow,Chinhat,Four Sharing,4,5400,5400,460,Yes,Yes,Yes,Yes,Fully Furnished,No,Yes,Yes
Hyderabad,Hitech City,Double,2,9500,9500,250,No,Yes,Yes,No,Semi Furnished,No,Yes,Yes
Delhi,Mukherjee Nagar,Double,2,14400,28800,270,Yes,Yes,No,No,Semi Furnished,Yes,Yes,Yes
Mumbai,Andheri West,Double,2,19100,19100,380,Yes,Yes,Yes,Yes,Semi Furnished,Yes,Yes,Yes
Gurugram,Sector 49,Single,1,28500,14200,210,No,Yes,Yes,Yes,Fully Furnished,No,Yes,Yes
Jaipur,Tonk Road,Double,2,6600,13200,300,Yes,Yes,No,Yes,Semi Furnished,Yes,Yes,No
Delhi,Vijay Nagar,Four Sharing,4,9800,14700,510,No,Yes,Yes,Yes,Fully Furnished,Yes,Yes,No
Noida,Sector 62,Single,1,14700,7400,220,Yes,Yes,Yes,No,Unfurnished,No,Yes,Yes
Delhi,Laxmi Nagar,Double,2,16800,33600,300,Yes,Yes,Yes,Yes,Fully Furnished,No,Yes,Yes
Bengaluru,Indiranagar,Triple,3,8100,8100,460,Yes,Yes,Yes,No,Fully Furnished,No,No,Yes
Jaipur,Raja Park,Four Sharing,4,4400,4400,330,Yes,Yes,No,Yes,Fully Furnished,No,Yes,Yes
Lucknow,Jankipuram,Double,2,6700,13400,270,Yes,Yes,No,No,Semi Furnished,No,Yes,No
Bengaluru,Electronic City,Double,2,9400,4700,290,No,Yes,Yes,No,Fully Furnished,Yes,Yes,Yes
Bengaluru,Bellandur,Double,2,10400,10400,160,Yes,Yes,Yes,Yes,Fully Furnished,No,Yes,Yes
Hyderabad,Manikonda,Triple,3,6800,10200,400,Yes,Yes,Yes,Yes,Unfurnished,No,Yes,No
Gurugram,Sector 14,Double,2,17700,17700,160,Yes,Yes,Yes,Yes,Semi Furnished,Yes,Yes,Yes
Prayagraj,Salori,Double,2,7500,11200,200,Yes,Yes,Yes,Yes,Semi Furnished,Yes,Yes,Yes
Noida,Sector 63,Four Sharing,4,8300,8300,310,Yes,No,No,Yes,Semi Furnished,Yes,No,No
Delhi,Vijay Nagar,Triple,3,12900,12900,270,Yes,Yes,Yes,No,Unfurnished,No,Yes,Yes
Bengaluru,JP Nagar,Double,2,11300,22600,380,No,Yes,Yes,Yes,Fully Furnished,No,Yes,Yes
Delhi,Dwarka,Triple,3,11400,11400,230,Yes,Yes,Yes,No,Fully Furnished,Yes,Yes,Yes
Bengaluru,HSR Layout,Four Sharing,4,7600,15200,340,Yes,Yes,Yes,No,Semi Furnished,No,Yes,Yes
Delhi,Mukherjee Nagar,Double,2,12000,12000,240,No,Yes,No,No,Semi Furnished,No,Yes,Yes
Hyderabad,Kondapur,Four Sharing,4,5900,8800,310,Yes,Yes,Yes,Yes,Semi Furnished,Yes,Yes,Yes
Gurugram,Sector 46,Double,2,17200,17200,300,Yes,Yes,Yes,Yes,Fully Furnished,No,Yes,Yes
Delhi,Hauz Khas,Double,2,13800,27600,300,Yes,Yes,No,No,Fully Furnished,No,Yes,Yes
Pune,Kharadi,Single,1,17200,17200,130,Yes,Yes,Yes,Yes,Semi Furnished,No,Yes,Yes
Delhi,Rohini,Double,2,15800,31600,160,Yes,Yes,No,No,Fully Furnished,No,Yes,Yes
Delhi,Hauz Khas,Triple,3,11900,23800,380,No,Yes,No,Yes,Semi Furnished,No,Yes,No
Pune,Baner,Double,2,9500,14200,340,Yes,Yes,Yes,No,Semi Furnished,Yes,Yes,Yes
Bengaluru,Hebbal,Double,2,11500,17200,210,Yes,Yes,Yes,Yes,Semi Furnished,No,Yes,Yes
Noida,Sector 18,Double,2,12600,18900,180,No,Yes,Yes,Yes,Fully Furnished,Yes,Yes,Yes
Gurugram,DLF Phase 3,Triple,3,10100,10100,440,No,Yes,No,Yes,Fully Furnished,Yes,Yes,Yes
Bengaluru,Bellandur,Four Sharing,4,6700,13400,390,No,Yes,No,Yes,Semi Furnished,Yes,Yes,Yes
Bengaluru,Whitefield,Single,1,17000,34000,200,No,Yes,No,Yes,Semi Furnished,No,No,Yes
Delhi,Mukherjee Nagar,Single,1,24100,24100,200,Yes,Yes,Yes,No,Semi Furnished,No,Yes,Yes
Pune,FC Road,Single,1,16800,16800,120,Yes,Yes,Yes,Yes,Fully Furnished,Yes,Yes,Yes
Delhi,Rohini,Triple,3,14100,14100,440,Yes,Yes,Yes,Yes,Fully Furnished,No,Yes,Yes
Jaipur,Pratap Nagar,Four Sharing,4,5400,5400,550,Yes,Yes,No,No,Fully Furnished,No,Yes,No
Gurugram,Sector 44,Single,1,23000,23000,150,No,Yes,No,No,Fully Furnished,Yes,Yes,Yes
Pune,Koregaon Park,Double,2,12200,12200,220,Yes,Yes,Yes,Yes,Fully Furnished,Yes,Yes,Yes
Prayagraj,Dhoomanganj,Four Sharing,4,3100,6200,400,Yes,Yes,No,No,Semi Furnished,Yes,Yes,No
Gurugram,Sector 44,Triple,3,9700,19400,450,No,Yes,No,No,Semi Furnished,No,No,No
Mumbai,Andheri West,Triple,3,13500,13500,380,Yes,Yes,Yes,Yes,Fully Furnished,Yes,Yes,Yes
Jaipur,Vaishali Nagar,Single,1,12000,12000,250,Yes,Yes,No,Yes,Semi Furnished,No,Yes,No
Hyderabad,Miyapur,Double,2,9500,4800,290,Yes,Yes,Yes,No,Semi Furnished,Yes,Yes,Yes
Pune,Baner,Four Sharing,4,5200,5200,310,No,Yes,No,Yes,Semi Furnished,Yes,Yes,Yes
Noida,Sector 62,Double,2,9200,9200,330,Yes,Yes,No,Yes,Unfurnished,No,Yes,Yes
Bengaluru,BTM Layout,Double,2,11600,11600,380,Yes,Yes,Yes,No,Fully Furnished,Yes,Yes,Yes
Jaipur,Pratap Nagar,Single,1,12000,12000,240,Yes,Yes,No,Yes,Semi Furnished,No,Yes,Yes
Delhi,Laxmi Nagar,Double,2,16100,16100,270,Yes,Yes,No,Yes,Fully Furnished,No,No,Yes
Gurugram,Sector 49,Single,1,25600,51200,210,Yes,Yes,No,Yes,Fully Furnished,No,No,Yes
Bengaluru,Whitefield,Double,2,12500,18800,150,Yes,Yes,Yes,Yes,Semi Furnished,Yes,Yes,Yes
Lucknow,Alambagh,Single,1,12800,19200,220,Yes,Yes,Yes,Yes,Unfurnished,Yes,Yes,Yes
Delhi,Dwarka,Single,1,22800,22800,250,Yes,Yes,No,No,Fully Furnished,No,No,No
Lucknow,Chinhat,Double,2,8800,4400,390,Yes,Yes,Yes,No,Semi Furnished,No,Yes,Yes
Hyderabad,Begumpet,Double,2,8800,8800,170,Yes,Yes,No,No,Semi Furnished,Yes,No,Yes
Delhi,Laxmi Nagar,Single,1,21300,21300,160,No,Yes,No,No,Fully Furnished,No,Yes,Yes
Delhi,South Extension,Double,2,14700,22000,360,Yes,Yes,Yes,Yes,Semi Furnished,Yes,Yes,Yes
Prayagraj,Dhoomanganj,Double,2,6100,6100,150,No,Yes,Yes,Yes,Fully Furnished,Yes,Yes,Yes
Noida,Sector 62,Double,2,9900,9900,290,Yes,Yes,No,No,Semi Furnished,Yes,Yes,Yes
Pune,Kharadi,Single,1,17800,17800,130,Yes,Yes,Yes,No,Fully Furnished,Yes,No,Yes
Bengaluru,Electronic City,Double,2,9000,13500,200,Yes,Yes,No,Yes,Semi Furnished,No,Yes,No
Pune,Kothrud,Triple,3,9200,13800,180,No,Yes,Yes,Yes,Fully Furnished,No,No,Yes
Hyderabad,Secunderabad,Single,1,13500,27000,190,Yes,Yes,No,Yes,Fully Furnished,No,Yes,Yes
Jaipur,Gopalpura,Triple,3,5800,2900,400,Yes,Yes,No,Yes,Unfurnished,No,Yes,No
Delhi,Vijay Nagar,Single,1,26800,26800,230,No,Yes,No,Yes,Fully Furnished,Yes,Yes,No
Noida,Sector 63,Triple,3,6300,12600,270,No,Yes,No,Yes,Fully Furnished,Yes,Yes,Yes
Gurugram,Sector 21,Double,2,15100,15100,300,No,Yes,Yes,Yes,Fully Furnished,Yes,No,Yes
Delhi,Dwarka,Triple,3,12000,12000,260,Yes,Yes,Yes,Yes,Unfurnished,No,Yes,Yes
Lucknow,Chinhat,Double,2,10100,20200,330,Yes,Yes,Yes,Yes,Semi Furnished,Yes,Yes,Yes
Noida,Sector 27,Triple,3,9300,4600,470,Yes,Yes,Yes,Yes,Fully Furnished,No,No,Yes
Lucknow,Alambagh,Four Sharing,4,5900,3000,240,Yes,Yes,Yes,Yes,Semi Furnished,No,Yes,No
Lucknow,Indira Nagar,Triple,3,5700,5700,220,No,Yes,Yes,No,Fully Furnished,No,Yes,Yes
Mumbai,Chembur,Single,1,24200,24200,120,No,Yes,No,Yes,Semi Furnished,Yes,No,Yes
Hyderabad,Gachibowli,Triple,3,6700,6700,430,Yes,Yes,Yes,Yes,Unfurnished,Yes,No,Yes
Noida,Sector 76,Double,2,8100,12200,310,No,Yes,No,No,Fully Furnished,No,Yes,Yes
Jaipur,Gopalpura,Four Sharing,4,4500,2200,290,No,Yes,No,Yes,Semi Furnished,No,Yes,Yes
Prayagraj,Katra,Triple,3,4600,4600,410,No,Yes,Yes,No,Unfurnished,No,Yes,No
Noida,Sector 51,Double,2,7600,7600,280,No,Yes,No,No,Fully Furnished,No,Yes,No
Gurugram,Sector 46,Four Sharing,4,10100,10100,280,No,No,No,Yes,Fully Furnished,No,Yes,Yes
Mumbai,Chembur,Double,2,13800,27600,300,No,Yes,Yes,No,Fully Furnished,Yes,Yes,Yes
Lucknow,Indira Nagar,Triple,3,6700,10000,220,No,Yes,Yes,Yes,Fully Furnished,No,Yes,Yes
Gurugram,DLF Phase 3,Double,2,15000,15000,300,Yes,Yes,Yes,Yes,Semi Furnished,No,No,No
Noida,Sector 15,Four Sharing,4,6200,6200,500,No,Yes,No,Yes,Semi Furnished,No,Yes,Yes
Gurugram,Sector 15,Single,1,22700,22700,180,Yes,Yes,Yes,Yes,Fully Furnished,No,No,Yes
Pune,Kharadi,Four Sharing,4,7500,15000,560,Yes,Yes,Yes,Yes,Fully Furnished,Yes,Yes,Yes
Pune,Wakad,Double,2,11300,11300,370,No,Yes,No,Yes,Semi Furnished,No,Yes,Yes
Jaipur,Raja Park,Double,2,8000,8000,160,No,Yes,Yes,No,Fully Furnished,No,Yes,Yes
Prayagraj,Naini,Triple,3,3700,3700,350,No,Yes,Yes,Yes,Fully Furnished,No,No,No
Noida,Sector 18,Double,2,10400,10400,340,No,Yes,No,Yes,Semi Furnished,Yes,Yes,Yes
Gurugram,Sector 21,Single,1,22200,33300,260,No,Yes,Yes,Yes,Semi Furnished,Yes,Yes,Yes
Bengaluru,Electronic City,Single,1,16900,16900,260,Yes,Yes,No,Yes,Semi Furnished,Yes,Yes,Yes
Noida,Sector 16,Triple,3,9900,9900,450,Yes,Yes,Yes,Yes,Semi Furnished,Yes,Yes,No
Prayagraj,Ashok Nagar,Triple,3,3700,3700,210,Yes,Yes,Yes,No,Fully Furnished,No,Yes,Yes
Gurugram,Sector 49,Single,1,21100,21100,150,Yes,Yes,No,Yes,Fully Furnished,No,No,Yes
Gurugram,Sector 44,Triple,3,13600,20400,430,Yes,No,Yes,Yes,Semi Furnished,No,No,Yes
Prayagraj,Old Katra,Double,2,5400,8100,170,Yes,Yes,Yes,Yes,Fully Furnished,Yes,Yes,No
Prayagraj,Ashok Nagar,Triple,3,5000,7500,380,Yes,Yes,Yes,Yes,Semi Furnished,Yes,Yes,No
Hyderabad,Madhapur,Single,1,11900,17800,150,No,Yes,No,No,Fully Furnished,Yes,Yes,Yes
Hyderabad,Miyapur,Single,1,15800,31600,290,No,Yes,Yes,Yes,Semi Furnished,Yes,Yes,No
Pune,Kothrud,Triple,3,8300,4200,490,Yes,Yes,No,Yes,Fully Furnished,Yes,No,Yes
Bengaluru,Indiranagar,Triple,3,7400,14800,330,No,Yes,No,Yes,Fully Furnished,Yes,Yes,Yes
Bengaluru,Electronic City,Double,2,9800,9800,380,No,No,Yes,No,Fully Furnished,No,Yes,Yes
Lucknow,Alambagh,Triple,3,4900,4900,380,Yes,Yes,Yes,No,Unfurnished,No,Yes,Yes
Delhi,Mukherjee Nagar,Double,2,16000,16000,390,Yes,Yes,Yes,Yes,Semi Furnished,No,No,Yes
Lucknow,Ashiyana,Double,2,6800,6800,270,Yes,Yes,No,Yes,Semi Furnished,No,Yes,Yes
Jaipur,C-Scheme,Double,2,5800,2900,240,Yes,Yes,No,Yes,Semi Furnished,Yes,Yes,Yes
Gurugram,Sector 14,Triple,3,11300,11300,270,No,Yes,Yes,Yes,Semi Furnished,No,Yes,Yes
Hyderabad,Kondapur,Double,2,9600,9600,230,Yes,Yes,Yes,Yes,Fully Furnished,No,Yes,Yes
Delhi,Rajouri Garden,Single,1,26000,26000,240,No,Yes,Yes,No,Fully Furnished,Yes,Yes,Yes
Delhi,Rajouri Garden,Four Sharing,4,11400,5700,520,Yes,Yes,Yes,No,Fully Furnished,Yes,Yes,Yes
Jaipur,Mansarovar,Double,2,6900,10400,370,Yes,Yes,Yes,Yes,Fully Furnished,Yes,No,Yes
Lucknow,Indira Nagar,Double,2,10100,5000,260,Yes,No,Yes,No,Fully Furnished,Yes,No,Yes
Bengaluru,Koramangala,Four Sharing,4,8600,17200,310,Yes,No,Yes,No,Fully Furnished,Yes,Yes,Yes
Lucknow,Indira Nagar,Single,1,13500,27000,130,Yes,Yes,Yes,Yes,Semi Furnished,No,Yes,Yes
Noida,Sector 137,Single,1,20400,30600,140,Yes,Yes,Yes,Yes,Fully Furnished,No,Yes,Yes
Bengaluru,Whitefield,Triple,3,8200,12300,340,Yes,Yes,Yes,No,Semi Furnished,Yes,No,Yes
Noida,Sector 16,Triple,3,9200,18400,420,Yes,Yes,Yes,Yes,Fully Furnished,No,Yes,Yes
Noida,Sector 15,Double,2,8400,12600,270,No,Yes,No,Yes,Semi Furnished,No,Yes,Yes
Prayagraj,Old Katra,Double,2,5900,8800,260,No,Yes,Yes,Yes,Fully Furnished,No,Yes,Yes
Lucknow,Gomti Nagar,Double,2,8800,4400,390,Yes,Yes,Yes,Yes,Semi Furnished,Yes,No,Yes
Lucknow,Hazratganj,Double,2,9400,9400,310,Yes,Yes,Yes,Yes,Fully Furnished,Yes,Yes,No
Mumbai,Bandra West,Single,1,25200,12600,120,No,Yes,Yes,Yes,Semi Furnished,No,Yes,Yes
Noida,Sector 51,Double,2,10200,20400,150,Yes,Yes,Yes,No,Semi Furnished,No,Yes,Yes
Bengaluru,JP Nagar,Double,2,11000,11000,320,No,Yes,No,No,Semi Furnished,No,Yes,Yes
Pune,Kothrud,Single,1,17300,26000,270,Yes,Yes,No,Yes,Fully Furnished,Yes,Yes,Yes
Gurugram,Sector 46,Single,1,26900,26900,180,Yes,Yes,Yes,Yes,Semi Furnished,Yes,Yes,Yes
Delhi,Hauz Khas,Double,2,14100,21200,340,No,Yes,Yes,No,Unfurnished,Yes,Yes,Yes
Jaipur,Tonk Road,Triple,3,6700,3400,260,Yes,Yes,Yes,No,Semi Furnished,No,No,No
Delhi,Mukherjee Nagar,Double,2,18800,28200,190,No,Yes,Yes,Yes,Fully Furnished,Yes,No,Yes
Gurugram,Sector 46,Double,2,15200,7600,330,Yes,Yes,No,Yes,Semi Furnished,No,Yes,Yes
Delhi,Vijay Nagar,Double,2,17200,34400,270,No,Yes,Yes,Yes,Fully Furnished,No,Yes,No
Mumbai,Powai,Triple,3,14800,29600,350,Yes,Yes,Yes,Yes,Semi Furnished,Yes,Yes,Yes
Lucknow,Alambagh,Double,2,6900,6900,270,No,Yes,No,Yes,Fully Furnished,No,Yes,Yes
Bengaluru,Electronic City,Single,1,17600,26400,270,No,Yes,Yes,Yes,Semi Furnished,No,Yes,Yes
Prayagraj,Mumfordganj,Single,1,10400,5200,200,No,No,Yes,Yes,Fully Furnished,Yes,Yes,Yes
Jaipur,Mansarovar,Triple,3,5000,7500,230,No,Yes,No,No,Fully Furnished,Yes,Yes,No
Pune,Hinjewadi,Double,2,11200,5600,180,Yes,Yes,Yes,Yes,Semi Furnished,No,Yes,Yes
Mumbai,Ghatkopar,Four Sharing,4,11200,11200,330,Yes,Yes,Yes,Yes,Semi Furnished,Yes,Yes,Yes
Noida,Sector 51,Double,2,12000,12000,270,Yes,Yes,Yes,No,Semi Furnished,No,Yes,Yes
Noida,Sector 51,Double,2,9100,18200,240,Yes,Yes,No,Yes,Fully Furnished,No,Yes,Yes
Jaipur,Jagatpura,Four Sharing,4,4600,4600,590,No,No,No,Yes,Fully Furnished,No,Yes,Yes
Delhi,Saket,Double,2,13800,6900,170,No,No,No,Yes,Fully Furnished,No,Yes,Yes
Bengaluru,Hebbal,Triple,3,9600,9600,420,No,Yes,Yes,Yes,Fully Furnished,Yes,Yes,Yes
Bengaluru,BTM Layout,Triple,3,8100,4000,330,Yes,Yes,No,Yes,Semi Furnished,Yes,Yes,No
Lucknow,Alambagh,Double,2,7700,3800,220,Yes,Yes,No,Yes,Semi Furnished,Yes,Yes,Yes
Delhi,Mukherjee Nagar,Double,2,17200,8600,170,Yes,Yes,No,Yes,Fully Furnished,No,Yes,Yes
Pune,Hinjewadi,Four Sharing,4,7400,7400,540,Yes,Yes,No,No,Semi Furnished,No,Yes,Yes
Jaipur,Vaishali Nagar,Double,2,7100,7100,200,No,Yes,No,Yes,Fully Furnished,Yes,Yes,Yes
Lucknow,Jankipuram,Double,2,8200,16400,370,No,Yes,Yes,No,Fully Furnished,No,No,Yes
Noida,Sector 63,Triple,3,7900,15800,390,No,Yes,No,No,Semi Furnished,Yes,Yes,Yes
Prayagraj,Teliarganj,Double,2,5000,5000,290,Yes,Yes,No,Yes,Unfurnished,No,Yes,Yes
Prayagraj,Dhoomanganj,Triple,3,4600,9200,400,Yes,Yes,Yes,Yes,Fully Furnished,Yes,Yes,Yes
Prayagraj,Dhoomanganj,Double,2,7300,14600,330,No,Yes,Yes,Yes,Semi Furnished,Yes,Yes,Yes
Gurugram,Sector 46,Double,2,12700,12700,270,No,Yes,Yes,Yes,Unfurnished,Yes,Yes,Yes
Gurugram,Sector 49,Triple,3,12200,6100,260,Yes,Yes,Yes,Yes,Unfurnished,No,Yes,Yes
Gurugram,DLF Phase 2,Four Sharing,4,9700,14600,450,Yes,Yes,No,Yes,Fully Furnished,No,Yes,Yes
Delhi,Laxmi Nagar,Triple,3,10300,5200,440,No,Yes,No,Yes,Fully Furnished,Yes,Yes,No
Gurugram,Sector 15,Single,1,26300,13200,220,Yes,Yes,No,Yes,Fully Furnished,Yes,Yes,Yes
Hyderabad,Miyapur,Triple,3,6600,6600,470,No,Yes,Yes,Yes,Fully Furnished,No,Yes,Yes
Jaipur,Sodala,Triple,3,5300,10600,460,Yes,Yes,No,No,Semi Furnished,No,No,Yes
Pune,Wakad,Single,1,17200,25800,120,No,Yes,Yes,Yes,Fully Furnished,No,Yes,Yes
Hyderabad,Gachibowli,Single,1,14400,14400,140,No,Yes,Yes,Yes,Fully Furnished,Yes,Yes,Yes
Lucknow,Indira Nagar,Triple,3,6400,6400,230,No,Yes,Yes,Yes,Semi Furnished,Yes,Yes,Yes
Jaipur,Sodala,Double,2,7100,7100,390,No,Yes,Yes,Yes,Fully Furnished,Yes,Yes,No
Prayagraj,Katra,Triple,3,3600,3600,450,No,No,No,No,Fully Furnished,No,Yes,Yes
Delhi,South Extension,Double,2,16200,8100,270,No,Yes,Yes,Yes,Semi Furnished,Yes,Yes,Yes
Hyderabad,Madhapur,Single,1,11800,5900,290,Yes,Yes,Yes,Yes,Unfurnished,No,Yes,Yes
Gurugram,Sector 44,Triple,3,10700,5400,280,No,No,No,No,Semi Furnished,Yes,Yes,No
Jaipur,Tonk Road,Double,2,8400,12600,340,Yes,Yes,Yes,Yes,Fully Furnished,No,Yes,Yes
Jaipur,Malviya Nagar,Double,2,7000,14000,250,Yes,Yes,Yes,Yes,Fully Furnished,Yes,Yes,No
Lucknow,Mahanagar,Double,2,8400,16800,180,Yes,No,No,Yes,Semi Furnished,Yes,No,Yes
Lucknow,Ashiyana,Single,1,15900,31800,240,No,Yes,Yes,Yes,Semi Furnished,Yes,Yes,No
Prayagraj,Mumfordganj,Double,2,6200,3100,340,Yes,Yes,Yes,Yes,Semi Furnished,Yes,Yes,Yes
Jaipur,Sodala,Four Sharing,4,3900,3900,220,No,Yes,Yes,Yes,Semi Furnished,No,Yes,Yes
Mumbai,Vikhroli,Double,2,16300,16300,190,No,Yes,Yes,Yes,Semi Furnished,No,Yes,Yes
Pune,Hadapsar,Triple,3,8400,4200,300,Yes,Yes,Yes,Yes,Fully Furnished,No,No,No
Lucknow,Jankipuram,Double,2,7900,7900,390,No,Yes,Yes,Yes,Semi Furnished,Yes,No,Yes
Bengaluru,Whitefield,Four Sharing,4,7100,14200,340,No,Yes,No,No,Fully Furnished,No,No,Yes
Lucknow,Hazratganj,Triple,3,6100,9200,410,Yes,Yes,Yes,Yes,Fully Furnished,No,Yes,Yes
Gurugram,Sector 21,Triple,3,12600,18900,300,No,Yes,Yes,Yes,Semi Furnished,Yes,No,No
Gurugram,DLF Phase 3,Double,2,16500,8200,270,Yes,Yes,Yes,No,Semi Furnished,Yes,Yes,Yes
Noida,Sector 62,Single,1,19100,38200,260,No,Yes,Yes,Yes,Fully Furnished,No,Yes,No
Delhi,Rohini,Single,1,23600,35400,250,Yes,Yes,No,Yes,Semi Furnished,Yes,Yes,Yes
Delhi,Mukherjee Nagar,Triple,3,11600,17400,440,No,Yes,No,Yes,Fully Furnished,Yes,Yes,No
Noida,Sector 76,Four Sharing,4,7300,3600,520,Yes,Yes,No,Yes,Fully Furnished,No,Yes,No
Noida,Sector 52,Double,2,10200,15300,150,Yes,Yes,Yes,No,Fully Furnished,Yes,Yes,Yes
Delhi,Saket,Triple,3,9500,14200,400,Yes,Yes,No,Yes,Semi Furnished,No,Yes,No
Prayagraj,Civil Lines,Double,2,6400,3200,310,No,Yes,Yes,Yes,Fully Furnished,Yes,No,No
Bengaluru,Marathahalli,Four Sharing,4,6400,3200,320,Yes,Yes,No,Yes,Fully Furnished,Yes,Yes,Yes
Pune,Viman Nagar,Double,2,10100,10100,150,No,Yes,Yes,No,Semi Furnished,Yes,No,Yes
Mumbai,Malad,Double,2,14900,14900,240,No,Yes,Yes,Yes,Fully Furnished,No,Yes,Yes
Gurugram,DLF Phase 3,Four Sharing,4,9400,9400,500,Yes,Yes,Yes,Yes,Unfurnished,Yes,Yes,No
Delhi,Karol Bagh,Triple,3,13700,6800,490,No,Yes,Yes,Yes,Semi Furnished,Yes,No,No
Lucknow,Indira Nagar,Triple,3,6400,9600,370,Yes,Yes,Yes,Yes,Semi Furnished,Yes,Yes,Yes
Pune,Hadapsar,Double,2,10600,21200,310,Yes,Yes,No,Yes,Semi Furnished,No,Yes,No
Mumbai,Thane,Double,2,14400,14400,390,Yes,Yes,No,Yes,Semi Furnished,Yes,Yes,No
Delhi,Dwarka,Double,2,18500,27800,360,Yes,Yes,Yes,Yes,Semi Furnished,No,No,No
Delhi,Dwarka,Double,2,13600,27200,260,Yes,Yes,No,No,Semi Furnished,No,Yes,No
Hyderabad,Begumpet,Triple,3,7300,11000,400,Yes,Yes,Yes,Yes,Semi Furnished,No,No,Yes
Gurugram,Sector 14,Double,2,13300,26600,150,No,Yes,No,Yes,Unfurnished,Yes,No,Yes
Bengaluru,Koramangala,Double,2,10200,5100,350,Yes,Yes,No,No,Fully Furnished,Yes,No,Yes
Mumbai,Andheri West,Double,2,16000,24000,160,Yes,No,No,Yes,Fully Furnished,Yes,Yes,Yes
Prayagraj,Dhoomanganj,Four Sharing,4,4200,2100,520,No,Yes,No,Yes,Fully Furnished,Yes,Yes,Yes
Hyderabad,Secunderabad,Double,2,8600,4300,220,Yes,Yes,No,Yes,Fully Furnished,Yes,Yes,Yes
Gurugram,Sector 17,Four Sharing,4,11200,22400,390,Yes,Yes,Yes,No,Fully Furnished,Yes,No,Yes
Delhi,Rohini,Double,2,14400,14400,150,No,Yes,Yes,No,Semi Furnished,No,No,No
Lucknow,Gomti Nagar,Single,1,10500,15800,160,No,Yes,Yes,No,Unfurnished,Yes,Yes,Yes
Noida,Sector 15,Single,1,19200,28800,200,Yes,No,No,Yes,Fully Furnished,Yes,Yes,Yes
Gurugram,Sector 49,Single,1,23100,46200,290,No,Yes,Yes,No,Fully Furnished,Yes,No,Yes
Gurugram,DLF Phase 3,Four Sharing,4,9400,9400,240,Yes,Yes,Yes,No,Unfurnished,No,Yes,Yes
Bengaluru,Whitefield,Single,1,18500,18500,140,Yes,Yes,Yes,Yes,Unfurnished,Yes,Yes,Yes
Gurugram,Sector 15,Single,1,24300,36400,130,No,Yes,Yes,Yes,Fully Furnished,No,Yes,Yes
Noida,Sector 16,Four Sharing,4,7000,7000,440,No,Yes,No,No,Fully Furnished,Yes,Yes,Yes
Prayagraj,Teliarganj,Single,1,11200,22400,140,Yes,Yes,Yes,No,Fully Furnished,Yes,No,Yes
Lucknow,Jankipuram,Double,2,6800,6800,380,No,Yes,No,No,Semi Furnished,No,Yes,Yes
Pune,Wakad,Single,1,17300,17300,230,Yes,Yes,Yes,Yes,Semi Furnished,Yes,Yes,Yes
Gurugram,Sector 21,Single,1,26300,39400,170,No,Yes,Yes,Yes,Semi Furnished,Yes,No,No
Delhi,Laxmi Nagar,Single,1,28300,28300,190,No,Yes,Yes,Yes,Semi Furnished,No,No,Yes
Noida,Sector 62,Single,1,16400,32800,270,Yes,Yes,Yes,Yes,Fully Furnished,Yes,Yes,Yes
Mumbai,Andheri East,Triple,3,11500,5800,490,Yes,Yes,No,Yes,Semi Furnished,Yes,No,Yes
Prayagraj,Dhoomanganj,Triple,3,5000,5000,340,Yes,Yes,Yes,Yes,Unfurnished,Yes,Yes,Yes
Gurugram,Sector 49,Double,2,14900,14900,260,No,Yes,No,No,Fully Furnished,Yes,Yes,Yes
Mumbai,Goregaon,Double,2,16800,33600,370,No,Yes,No,Yes,Fully Furnished,Yes,Yes,Yes
Delhi,Dwarka,Single,1,24800,37200,240,Yes,Yes,No,Yes,Fully Furnished,Yes,Yes,Yes
Lucknow,Ashiyana,Double,2,8200,8200,370,No,Yes,Yes,Yes,Semi Furnished,Yes,Yes,Yes
Bengaluru,Whitefield,Double,2,11300,11300,150,Yes,Yes,Yes,Yes,Semi Furnished,Yes,No,Yes
Mumbai,Chembur,Single,1,21300,10600,210,Yes,Yes,No,No,Fully Furnished,Yes,Yes,Yes
Gurugram,DLF Phase 3,Double,2,13700,6800,160,No,Yes,No,Yes,Semi Furnished,No,Yes,Yes
Noida,Sector 137,Double,2,10000,10000,180,Yes,Yes,No,Yes,Fully Furnished,No,Yes,No
Pune,Hadapsar,Double,2,12700,12700,240,Yes,Yes,Yes,Yes,Semi Furnished,Yes,Yes,Yes
Delhi,Saket,Four Sharing,4,8900,8900,340,No,Yes,No,Yes,Semi Furnished,Yes,Yes,Yes
Noida,Sector 76,Double,2,12500,25000,240,Yes,Yes,Yes,Yes,Semi Furnished,No,Yes,Yes
Delhi,South Extension,Double,2,17100,17100,160,Yes,Yes,Yes,Yes,Fully Furnished,No,Yes,Yes
Prayagraj,Civil Lines,Triple,3,5400,8100,330,Yes,Yes,Yes,Yes,Fully Furnished,Yes,Yes,Yes
Jaipur,C-Scheme,Double,2,7100,7100,230,Yes,No,Yes,Yes,Fully Furnished,No,Yes,No
Bengaluru,Bellandur,Four Sharing,4,7500,7500,420,Yes,Yes,No,No,Fully Furnished,Yes,Yes,Yes
Gurugram,Sector 21,Double,2,17400,34800,290,No,Yes,Yes,Yes,Semi Furnished,Yes,Yes,Yes
Mumbai,Chembur,Four Sharing,4,11400,11400,260,Yes,Yes,No,Yes,Fully Furnished,Yes,Yes,Yes
Mumbai,Goregaon,Double,2,15400,30800,180,Yes,Yes,Yes,Yes,Fully Furnished,No,No,No
Gurugram,Sector 43,Triple,3,9900,9900,200,No,Yes,No,Yes,Semi Furnished,Yes,No,Yes
Lucknow,Chinhat,Triple,3,5900,11800,330,Yes,Yes,Yes,No,Fully Furnished,Yes,Yes,Yes
Delhi,Rohini,Single,1,23200,23200,290,No,No,Yes,No,Fully Furnished,No,Yes,Yes
Lucknow,Vikas Nagar,Single,1,13500,13500,120,Yes,Yes,No,Yes,Semi Furnished,Yes,Yes,Yes
Hyderabad,Hitech City,Triple,3,7900,7900,360,No,No,Yes,Yes,Fully Furnished,Yes,Yes,Yes
Delhi,Laxmi Nagar,Triple,3,11900,17800,440,Yes,Yes,Yes,Yes,Fully Furnished,No,Yes,Yes
Noida,Sector 18,Triple,3,9500,9500,180,Yes,Yes,Yes,Yes,Fully Furnished,No,No,Yes
Mumbai,Chembur,Single,1,23900,23900,140,No,Yes,No,Yes,Fully Furnished,No,Yes,No
Prayagraj,Katra,Single,1,8400,8400,180,No,Yes,No,Yes,Semi Furnished,Yes,Yes,Yes
Noida,Sector 27,Single,1,17100,17100,260,Yes,Yes,Yes,No,Semi Furnished,Yes,Yes,Yes
Prayagraj,Mumfordganj,Double,2,5400,10800,220,No,Yes,Yes,Yes,Semi Furnished,No,Yes,No
Gurugram,Sector 43,Double,2,13700,27400,240,No,Yes,Yes,Yes,Fully Furnished,No,Yes,Yes
Bengaluru,Electronic City,Single,1,22800,22800,170,Yes,Yes,Yes,Yes,Fully Furnished,Yes,Yes,Yes
Gurugram,Sector 49,Double,2,12900,25800,350,Yes,Yes,No,No,Fully Furnished,No,Yes,No
Jaipur,Vaishali Nagar,Triple,3,5000,2500,250,Yes,Yes,No,No,Fully Furnished,No,Yes,Yes
Jaipur,Vaishali Nagar,Single,1,11200,5600,180,No,Yes,No,No,Semi Furnished,Yes,Yes,Yes
Pune,FC Road,Double,2,10600,15900,220,Yes,Yes,Yes,Yes,Semi Furnished,No,Yes,Yes
Mumbai,Bandra West,Single,1,26700,13400,190,No,Yes,No,Yes,Fully Furnished,Yes,Yes,Yes
Noida,Sector 15,Double,2,8600,17200,230,Yes,Yes,No,No,Fully Furnished,Yes,Yes,Yes
Delhi,Karol Bagh,Single,1,27500,13800,220,No,Yes,Yes,No,Semi Furnished,Yes,Yes,Yes
Noida,Sector 63,Double,2,10700,10700,300,Yes,Yes,No,No,Semi Furnished,Yes,Yes,Yes
Pune,FC Road,Single,1,14600,14600,130,Yes,Yes,No,No,Fully Furnished,No,Yes,Yes
Pune,Koregaon Park,Double,2,11800,17700,190,No,Yes,Yes,Yes,Semi Furnished,No,Yes,Yes
Bengaluru,Electronic City,Triple,3,8700,4400,430,Yes,Yes,No,Yes,Semi Furnished,No,Yes,Yes
Noida,Sector 15,Double,2,9000,9000,190,No,Yes,Yes,Yes,Unfurnished,No,Yes,No
Noida,Sector 63,Single,1,15100,22600,130,No,Yes,No,Yes,Fully Furnished,No,Yes,Yes
Noida,Sector 63,Double,2,10400,20800,270,Yes,Yes,Yes,Yes,Semi Furnished,No,Yes,Yes
Delhi,Dwarka,Single,1,29000,29000,180,No,Yes,Yes,Yes,Semi Furnished,No,Yes,Yes
Lucknow,Chinhat,Double,2,7300,7300,330,Yes,Yes,No,Yes,Semi Furnished,No,Yes,No
Jaipur,Gopalpura,Four Sharing,4,4000,4000,310,Yes,Yes,No,No,Unfurnished,Yes,Yes,Yes
Hyderabad,Kondapur,Double,2,9000,9000,250,Yes,Yes,Yes,Yes,Fully Furnished,No,Yes,Yes
Prayagraj,Allahpur,Double,2,6300,6300,370,Yes,Yes,Yes,No,Fully Furnished,No,Yes,Yes
Mumbai,Vikhroli,Double,2,15100,7600,390,No,Yes,Yes,No,Fully Furnished,Yes,Yes,No
Delhi,Vijay Nagar,Double,2,15500,23200,340,Yes,No,Yes,Yes,Fully Furnished,No,Yes,Yes
Prayagraj,Teliarganj,Triple,3,5500,8200,450,No,Yes,Yes,No,Fully Furnished,Yes,Yes,Yes
Prayagraj,Old Katra,Triple,3,4200,2100,340,Yes,Yes,Yes,Yes,Semi Furnished,Yes,Yes,Yes
Prayagraj,Teliarganj,Double,2,6100,6100,280,Yes,Yes,Yes,Yes,Semi Furnished,Yes,Yes,Yes
Hyderabad,Secunderabad,Four Sharing,4,5500,5500,290,Yes,Yes,Yes,Yes,Semi Furnished,Yes,Yes,Yes
Pune,Hadapsar,Triple,3,6900,6900,310,Yes,No,No,Yes,Unfurnished,Yes,Yes,Yes
Gurugram,Sector 49,Four Sharing,4,8500,4200,530,No,Yes,No,Yes,Semi Furnished,Yes,Yes,No
Bengaluru,Bellandur,Double,2,10500,10500,190,Yes,Yes,Yes,Yes,Fully Furnished,Yes,Yes,Yes
Prayagraj,Katra,Single,1,9600,9600,140,No,Yes,No,Yes,Fully Furnished,Yes,Yes,Yes
Delhi,Rohini,Single,1,21200,31800,190,Yes,Yes,No,No,Semi Furnished,No,Yes,Yes
Prayagraj,Ashok Nagar,Single,1,10400,15600,180,Yes,Yes,Yes,No,Fully Furnished,No,Yes,No
Bengaluru,HSR Layout,Double,2,10400,10400,170,Yes,Yes,No,Yes,Fully Furnished,No,Yes,Yes
Mumbai,Chembur,Double,2,14900,29800,360,No,Yes,No,No,Semi Furnished,No,Yes,Yes
Gurugram,Sector 21,Triple,3,11600,11600,270,Yes,Yes,Yes,Yes,Semi Furnished,Yes,No,Yes
Gurugram,Sector 44,Double,2,14100,21200,290,No,Yes,Yes,Yes,Fully Furnished,No,Yes,Yes
Gurugram,Sector 44,Triple,3,11500,23000,380,Yes,No,No,Yes,Unfurnished,Yes,Yes,No
Jaipur,Sodala,Single,1,12700,19000,280,Yes,Yes,Yes,Yes,Fully Furnished,Yes,Yes,No
Pune,Baner,Double,2,11800,17700,160,No,Yes,Yes,Yes,Semi Furnished,Yes,Yes,Yes
Hyderabad,Kukatpally,Double,2,10100,15200,320,Yes,Yes,Yes,Yes,Fully Furnished,No,Yes,Yes
Pune,Hadapsar,Triple,3,7900,7900,210,Yes,No,Yes,Yes,Semi Furnished,Yes,No,Yes
Noida,Sector 18,Single,1,18500,18500,180,No,Yes,Yes,Yes,Fully Furnished,Yes,No,Yes
Gurugram,Sector 49,Single,1,25800,12900,250,Yes,Yes,No,Yes,Fully Furnished,Yes,Yes,Yes
Jaipur,Gopalpura,Four Sharing,4,4800,7200,360,Yes,Yes,No,Yes,Fully Furnished,Yes,No,Yes
Jaipur,C-Scheme,Triple,3,5100,7600,450,Yes,Yes,No,Yes,Semi Furnished,No,Yes,No
Lucknow,Gomti Nagar,Triple,3,7400,14800,240,Yes,Yes,Yes,Yes,Fully Furnished,No,Yes,Yes
Noida,Sector 52,Double,2,9900,9900,290,No,Yes,No,Yes,Unfurnished,No,Yes,Yes
Gurugram,DLF Phase 2,Single,1,30500,61000,230,Yes,Yes,Yes,Yes,Fully Furnished,No,Yes,Yes
Bengaluru,Koramangala,Double,2,10400,5200,210,Yes,Yes,Yes,No,Semi Furnished,No,No,Yes
Bengaluru,HSR Layout,Double,2,10800,5400,230,No,Yes,Yes,No,Fully Furnished,Yes,Yes,Yes
Jaipur,Malviya Nagar,Triple,3,4400,6600,340,Yes,No,No,Yes,Unfurnished,Yes,Yes,Yes
Gurugram,Sector 44,Single,1,22500,22500,250,No,Yes,No,Yes,Fully Furnished,No,No,Yes
Delhi,Vijay Nagar,Double,2,18900,28400,300,Yes,Yes,Yes,Yes,Semi Furnished,No,Yes,No
Gurugram,Sector 46,Double,2,14600,7300,240,Yes,Yes,No,Yes,Fully Furnished,No,No,Yes
Prayagraj,Allahpur,Double,2,5000,5000,280,No,No,Yes,Yes,Semi Furnished,Yes,Yes,Yes
Lucknow,Indira Nagar,Single,1,13800,20700,230,Yes,Yes,Yes,Yes,Semi Furnished,Yes,Yes,Yes
Delhi,Vijay Nagar,Single,1,26900,13400,220,No,Yes,No,Yes,Semi Furnished,No,Yes,Yes
Gurugram,Sector 21,Triple,3,10300,15400,240,Yes,Yes,Yes,No,Unfurnished,Yes,Yes,Yes
Mumbai,Chembur,Double,2,15500,15500,370,Yes,Yes,No,Yes,Fully Furnished,Yes,Yes,Yes
Gurugram,Sector 46,Double,2,16900,16900,340,Yes,Yes,Yes,Yes,Fully Furnished,Yes,Yes,No
Noida,Sector 27,Triple,3,6800,6800,300,No,Yes,No,No,Semi Furnished,Yes,Yes,Yes
Delhi,South Extension,Double,2,14600,29200,170,No,No,No,No,Semi Furnished,No,Yes,Yes
Gurugram,DLF Phase 2,Double,2,17100,17100,220,No,Yes,Yes,No,Fully Furnished,No,Yes,Yes
Lucknow,Alambagh,Four Sharing,4,6500,6500,490,Yes,Yes,Yes,Yes,Fully Furnished,Yes,Yes,Yes
Lucknow,Aliganj,Four Sharing,4,5800,8700,590,No,Yes,Yes,Yes,Fully Furnished,No,Yes,Yes
Lucknow,Hazratganj,Double,2,9100,18200,160,Yes,Yes,Yes,Yes,Semi Furnished,Yes,Yes,No
Delhi,Saket,Double,2,15500,15500,220,Yes,Yes,Yes,Yes,Fully Furnished,No,Yes,Yes
Pune,Koregaon Park,Double,2,9900,14800,150,Yes,Yes,No,Yes,Fully Furnished,No,Yes,Yes
Bengaluru,Electronic City,Double,2,8200,8200,170,Yes,Yes,No,Yes,Unfurnished,No,No,Yes
Prayagraj,Ashok Nagar,Four Sharing,4,3700,3700,350,Yes,Yes,No,No,Semi Furnished,No,Yes,Yes
Lucknow,Alambagh,Double,2,7400,7400,260,Yes,Yes,Yes,Yes,Semi Furnished,No,Yes,Yes
Gurugram,Sector 43,Triple,3,13300,6600,460,Yes,Yes,Yes,No,Fully Furnished,No,Yes,Yes
Jaipur,Jagatpura,Double,2,6900,6900,290,No,Yes,Yes,Yes,Fully Furnished,Yes,Yes,Yes
Mumbai,Chembur,Double,2,13700,13700,150,No,Yes,No,Yes,Fully Furnished,Yes,Yes,Yes
Delhi,Saket,Triple,3,11500,11500,220,No,Yes,No,Yes,Fully Furnished,No,Yes,Yes
Prayagraj,Civil Lines,Double,2,6200,3100,330,Yes,No,No,Yes,Fully Furnished,No,Yes,Yes
Bengaluru,Marathahalli,Double,2,11300,11300,290,Yes,Yes,No,Yes,Fully Furnished,No,Yes,No
Delhi,Laxmi Nagar,Four Sharing,4,12200,24400,320,Yes,Yes,Yes,Yes,Fully Furnished,No,Yes,Yes
Hyderabad,Kukatpally,Triple,3,5500,8200,290,Yes,Yes,No,Yes,Fully Furnished,Yes,Yes,No
Bengaluru,Whitefield,Single,1,20000,10000,180,Yes,Yes,No,Yes,Fully Furnished,Yes,Yes,Yes
Noida,Sector 16,Double,2,11500,23000,200,Yes,No,Yes,Yes,Semi Furnished,Yes,No,Yes
Prayagraj,Salori,Double,2,5700,2800,380,Yes,Yes,Yes,No,Fully Furnished,No,Yes,Yes
Prayagraj,Tagore Town,Single,1,11200,22400,280,No,Yes,Yes,Yes,Fully Furnished,No,Yes,No
Lucknow,Hazratganj,Single,1,14600,29200,180,Yes,Yes,Yes,Yes,Fully Furnished,Yes,Yes,Yes
Bengaluru,HSR Layout,Four Sharing,4,7000,7000,490,Yes,Yes,No,Yes,Semi Furnished,Yes,Yes,No
Noida,Sector 15,Triple,3,7200,3600,250,Yes,Yes,No,Yes,Fully Furnished,No,Yes,Yes
Pune,Kharadi,Triple,3,8000,8000,430,Yes,Yes,No,No,Unfurnished,No,Yes,No
Hyderabad,Begumpet,Single,1,14000,21000,190,Yes,Yes,Yes,Yes,Fully Furnished,No,Yes,Yes
Noida,Sector 52,Four Sharing,4,7800,7800,390,Yes,No,Yes,Yes,Fully Furnished,Yes,Yes,Yes
Delhi,South Extension,Double,2,16400,16400,220,Yes,Yes,Yes,No,Semi Furnished,Yes,Yes,Yes
Jaipur,Vaishali Nagar,Single,1,12400,24800,230,Yes,Yes,Yes,Yes,Fully Furnished,Yes,Yes,Yes
Jaipur,Sodala,Double,2,7900,4000,270,Yes,Yes,Yes,Yes,Fully Furnished,Yes,Yes,Yes
Gurugram,Sector 15,Double,2,12900,19400,310,Yes,Yes,No,No,Fully Furnished,Yes,Yes,Yes
Delhi,Hauz Khas,Triple,3,12800,6400,370,Yes,Yes,No,Yes,Semi Furnished,No,Yes,Yes
Hyderabad,Secunderabad,Single,1,14800,14800,280,Yes,Yes,Yes,Yes,Fully Furnished,Yes,Yes,Yes
Gurugram,Sector 14,Double,2,12800,19200,310,Yes,Yes,No,Yes,Fully Furnished,Yes,Yes,Yes
Lucknow,Alambagh,Triple,3,5800,11600,270,No,Yes,Yes,Yes,Fully Furnished,No,Yes,Yes
Pune,Aundh,Triple,3,7200,7200,440,Yes,Yes,No,No,Unfurnished,Yes,Yes,Yes
Jaipur,Vaishali Nagar,Triple,3,5900,5900,420,No,Yes,Yes,Yes,Fully Furnished,Yes,Yes,Yes
Jaipur,Sodala,Four Sharing,4,4100,6200,240,No,Yes,No,Yes,Semi Furnished,No,Yes,Yes
Noida,Sector 51,Triple,3,7300,7300,430,Yes,Yes,No,No,Semi Furnished,Yes,Yes,Yes
Prayagraj,Mumfordganj,Double,2,7400,14800,300,Yes,No,Yes,Yes,Fully Furnished,Yes,Yes,Yes
Gurugram,Sector 43,Single,1,24900,37400,230,Yes,Yes,Yes,Yes,Fully Furnished,Yes,Yes,Yes
Noida,Sector 18,Triple,3,7500,11200,460,Yes,Yes,No,Yes,Semi Furnished,Yes,Yes,No
Noida,Sector 63,Triple,3,6900,10400,340,Yes,Yes,No,Yes,Semi Furnished,Yes,Yes,No
Noida,Sector 15,Single,1,16600,33200,180,Yes,Yes,Yes,No,Fully Furnished,Yes,Yes,No
Delhi,Rohini,Double,2,13700,13700,390,No,Yes,No,Yes,Fully Furnished,Yes,Yes,Yes
Gurugram,Sector 15,Triple,3,14300,7200,230,No,Yes,Yes,Yes,Fully Furnished,No,No,Yes
Delhi,Saket,Double,2,15900,8000,190,No,Yes,Yes,Yes,Fully Furnished,Yes,Yes,No
Lucknow,Hazratganj,Triple,3,5900,5900,300,No,Yes,No,Yes,Semi Furnished,Yes,Yes,Yes
Lucknow,Chinhat,Double,2,8700,13000,350,No,Yes,No,Yes,Fully Furnished,No,No,Yes
Bengaluru,BTM Layout,Triple,3,8100,16200,220,No,Yes,Yes,Yes,Semi Furnished,Yes,Yes,No
Noida,Sector 18,Single,1,18400,36800,210,No,Yes,Yes,Yes,Fully Furnished,Yes,No,No
Lucknow,Hazratganj,Four Sharing,4,5900,8800,520,No,Yes,No,Yes,Fully Furnished,No,Yes,Yes
Noida,Sector 18,Triple,3,9200,9200,490,Yes,Yes,Yes,Yes,Fully Furnished,Yes,Yes,Yes
Gurugram,Sector 15,Double,2,17100,17100,220,No,No,Yes,Yes,Fully Furnished,No,Yes,Yes
Prayagraj,Old Katra,Single,1,9000,13500,160,No,Yes,Yes,No,Fully Furnished,No,Yes,Yes
Jaipur,Jagatpura,Single,1,10700,10700,260,Yes,Yes,Yes,Yes,Semi Furnished,No,Yes,Yes
Delhi,Dwarka,Triple,3,14200,7100,400,Yes,Yes,Yes,Yes,Semi Furnished,No,Yes,No
Hyderabad,Gachibowli,Double,2,8500,12800,200,Yes,Yes,Yes,Yes,Semi Furnished,Yes,No,Yes
Jaipur,Malviya Nagar,Double,2,7200,7200,340,Yes,Yes,No,Yes,Semi Furnished,Yes,Yes,No
Gurugram,DLF Phase 2,Triple,3,12500,12500,420,No,Yes,Yes,Yes,Semi Furnished,Yes,No,No
Bengaluru,Hebbal,Single,1,18600,27900,150,No,Yes,No,Yes,Fully Furnished,Yes,Yes,Yes
Noida,Sector 51,Double,2,10900,16400,240,No,Yes,No,Yes,Semi Furnished,Yes,Yes,Yes
Delhi,Mukherjee Nagar,Four Sharing,4,12600,6300,450,Yes,Yes,Yes,Yes,Semi Furnished,No,No,Yes
Prayagraj,Katra,Single,1,8100,8100,190,No,Yes,No,Yes,Fully Furnished,No,Yes,Yes
Lucknow,Chinhat,Double,2,7200,7200,270,Yes,Yes,No,Yes,Unfurnished,Yes,Yes,Yes
Pune,FC Road,Triple,3,6300,6300,180,No,Yes,No,Yes,Semi Furnished,No,Yes,Yes
Gurugram,Sector 44,Triple,3,12700,12700,240,No,No,Yes,No,Fully Furnished,No,No,Yes
Gurugram,Sector 44,Double,2,14000,14000,190,Yes,Yes,No,Yes,Semi Furnished,No,Yes,Yes
Hyderabad,Kondapur,Single,1,14700,7400,290,No,Yes,No,Yes,Fully Furnished,Yes,No,Yes
Gurugram,Sector 46,Triple,3,10900,16400,380,Yes,No,Yes,Yes,Semi Furnished,Yes,Yes,No
Mumbai,Powai,Four Sharing,4,8900,4400,560,No,Yes,No,Yes,Semi Furnished,Yes,Yes,No
Delhi,Laxmi Nagar,Double,2,15700,15700,310,No,Yes,Yes,Yes,Semi Furnished,Yes,Yes,No
Delhi,Laxmi Nagar,Double,2,17200,17200,330,Yes,Yes,Yes,Yes,Fully Furnished,Yes,No,Yes
Pune,Aundh,Double,2,11700,17600,330,Yes,Yes,No,Yes,Fully Furnished,No,Yes,Yes
Pune,Koregaon Park,Single,1,16200,16200,160,No,Yes,No,Yes,Unfurnished,No,Yes,Yes
Mumbai,Vikhroli,Four Sharing,4,10100,15200,450,No,Yes,No,Yes,Semi Furnished,Yes,Yes,Yes
Lucknow,Gomti Nagar,Double,2,8200,8200,300,No,Yes,Yes,Yes,Semi Furnished,No,Yes,Yes
Prayagraj,Teliarganj,Single,1,9600,9600,200,No,Yes,Yes,No,Fully Furnished,No,Yes,No
Mumbai,Ghatkopar,Four Sharing,4,10400,10400,360,No,Yes,No,Yes,Fully Furnished,No,Yes,Yes
Delhi,Dwarka,Double,2,16600,33200,330,No,Yes,Yes,Yes,Semi Furnished,No,Yes,Yes
Jaipur,Pratap Nagar,Double,2,7300,3600,210,No,Yes,Yes,No,Semi Furnished,Yes,Yes,Yes
Prayagraj,Naini,Triple,3,4500,2200,340,Yes,Yes,Yes,No,Semi Furnished,Yes,No,Yes
Mumbai,Andheri West,Triple,3,11900,23800,450,Yes,Yes,Yes,Yes,Unfurnished,Yes,Yes,Yes
Hyderabad,Begumpet,Triple,3,6500,13000,350,Yes,Yes,No,Yes,Fully Furnished,Yes,No,Yes
Gurugram,DLF Phase 2,Four Sharing,4,9800,9800,490,Yes,Yes,No,Yes,Semi Furnished,No,Yes,Yes
Delhi,Rohini,Single,1,19800,19800,240,No,Yes,No,Yes,Semi Furnished,No,Yes,Yes
Noida,Sector 15,Triple,3,8400,8400,270,Yes,Yes,Yes,No,Semi Furnished,No,Yes,Yes
Noida,Sector 51,Double,2,11200,16800,300,Yes,Yes,Yes,Yes,Semi Furnished,No,Yes,Yes
Bengaluru,Koramangala,Triple,3,9500,9500,220,Yes,Yes,Yes,Yes,Unfurnished,Yes,Yes,Yes
Bengaluru,JP Nagar,Double,2,10200,5100,320,Yes,Yes,Yes,No,Semi Furnished,No,Yes,Yes
Hyderabad,Begumpet,Triple,3,6100,9200,300,No,Yes,No,Yes,Unfurnished,Yes,Yes,No
Mumbai,Ghatkopar,Triple,3,10900,10900,240,Yes,Yes,Yes,Yes,Fully Furnished,No,No,No
Noida,Sector 63,Double,2,8700,13000,310,Yes,Yes,No,No,Fully Furnished,No,Yes,Yes
Mumbai,Powai,Four Sharing,4,11900,6000,300,No,Yes,Yes,Yes,Semi Furnished,No,No,Yes
Prayagraj,Tagore Town,Double,2,5300,5300,170,Yes,Yes,No,No,Semi Furnished,Yes,Yes,Yes
Noida,Sector 52,Single,1,15800,31600,190,Yes,Yes,No,No,Fully Furnished,Yes,Yes,Yes
Delhi,Rajouri Garden,Double,2,14300,7200,160,Yes,Yes,Yes,Yes,Unfurnished,No,Yes,Yes
Jaipur,Tonk Road,Double,2,8300,4200,280,Yes,Yes,Yes,Yes,Semi Furnished,Yes,Yes,Yes
Jaipur,Gopalpura,Double,2,6400,6400,220,No,Yes,Yes,No,Semi Furnished,No,Yes,Yes
Delhi,Rohini,Double,2,15100,15100,370,No,No,No,Yes,Fully Furnished,Yes,No,Yes
Prayagraj,Allahpur,Triple,3,4300,4300,330,No,Yes,No,Yes,Semi Furnished,Yes,Yes,Yes
Mumbai,Malad,Single,1,29800,59600,120,No,Yes,Yes,Yes,Fully Furnished,Yes,Yes,Yes
Noida,Sector 27,Double,2,8300,12400,280,No,Yes,Yes,No,Unfurnished,No,Yes,Yes
Gurugram,Sector 14,Four Sharing,4,10000,5000,250,No,Yes,No,Yes,Semi Furnished,No,No,Yes
Hyderabad,Miyapur,Four Sharing,4,4500,4500,400,Yes,Yes,Yes,No,Semi Furnished,Yes,Yes,Yes
Prayagraj,Dhoomanganj,Triple,3,5000,10000,410,No,Yes,Yes,No,Fully Furnished,Yes,Yes,Yes
Hyderabad,Manikonda,Triple,3,7300,7300,360,No,Yes,No,Yes,Semi Furnished,No,Yes,Yes
Prayagraj,Katra,Single,1,9000,13500,210,No,Yes,Yes,No,Unfurnished,Yes,Yes,Yes
Mumbai,Thane,Single,1,22600,22600,220,Yes,No,No,No,Semi Furnished,Yes,Yes,Yes
Delhi,Rohini,Single,1,26000,13000,190,No,Yes,Yes,No,Unfurnished,Yes,Yes,Yes
Gurugram,Sector 46,Triple,3,10700,21400,190,Yes,Yes,No,No,Fully Furnished,No,Yes,Yes
Hyderabad,Kukatpally,Four Sharing,4,5600,8400,480,Yes,No,Yes,No,Semi Furnished,Yes,No,Yes
Delhi,Hauz Khas,Single,1,25500,12800,120,No,No,Yes,No,Unfurnished,Yes,Yes,No
Delhi,Dwarka,Double,2,14900,7400,170,No,Yes,No,Yes,Unfurnished,Yes,No,Yes
Bengaluru,Electronic City,Double,2,12200,12200,190,Yes,Yes,No,No,Fully Furnished,Yes,Yes,Yes
Noida,Sector 27,Single,1,16300,8200,120,No,Yes,Yes,Yes,Fully Furnished,No,Yes,Yes
Mumbai,Bandra West,Triple,3,12400,12400,490,No,Yes,No,No,Semi Furnished,No,Yes,Yes
Pune,FC Road,Double,2,10300,20600,170,Yes,Yes,No,Yes,Fully Furnished,No,Yes,Yes
Delhi,Rajouri Garden,Single,1,24100,24100,240,Yes,Yes,No,No,Fully Furnished,No,No,Yes
Delhi,Rohini,Single,1,21400,21400,220,No,Yes,No,No,Unfurnished,No,Yes,No
Gurugram,Sector 14,Four Sharing,4,11200,16800,440,Yes,Yes,Yes,No,Semi Furnished,Yes,Yes,Yes
Prayagraj,Tagore Town,Single,1,11100,11100,120,No,Yes,Yes,Yes,Semi Furnished,Yes,Yes,Yes
Pune,Hinjewadi,Double,2,10700,5400,210,No,Yes,No,Yes,Fully Furnished,Yes,Yes,Yes
Noida,Sector 137,Four Sharing,4,7000,3500,320,Yes,No,Yes,Yes,Unfurnished,Yes,No,Yes
Bengaluru,Indiranagar,Double,2,13000,13000,150,Yes,Yes,Yes,Yes,Fully Furnished,Yes,Yes,Yes
Mumbai,Thane,Double,2,15500,23200,220,Yes,Yes,No,No,Semi Furnished,Yes,No,Yes
Gurugram,Sector 17,Single,1,23700,11800,230,Yes,Yes,No,Yes,Unfurnished,No,Yes,Yes
Mumbai,Ghatkopar,Triple,3,13200,19800,410,Yes,Yes,No,Yes,Fully Furnished,Yes,No,Yes
Gurugram,Sector 21,Triple,3,11000,16500,440,No,Yes,No,No,Semi Furnished,Yes,Yes,No
Bengaluru,Whitefield,Single,1,15100,15100,180,No,Yes,No,Yes,Fully Furnished,Yes,Yes,Yes
Jaipur,Vaishali Nagar,Single,1,11400,11400,280,Yes,Yes,No,Yes,Fully Furnished,No,Yes,Yes
Jaipur,Mansarovar,Double,2,5800,5800,300,Yes,Yes,No,Yes,Semi Furnished,Yes,Yes,Yes
Hyderabad,Kukatpally,Single,1,14800,14800,200,No,Yes,Yes,Yes,Semi Furnished,No,Yes,Yes
Hyderabad,Secunderabad,Single,1,14800,14800,260,Yes,No,Yes,Yes,Fully Furnished,Yes,Yes,Yes
Pune,Baner,Single,1,16800,25200,240,Yes,Yes,Yes,Yes,Fully Furnished,Yes,No,Yes
Bengaluru,HSR Layout,Double,2,12600,25200,230,No,Yes,Yes,Yes,Fully Furnished,No,Yes,Yes
Lucknow,Chinhat,Single,1,12500,12500,290,Yes,Yes,Yes,No,Fully Furnished,No,No,Yes
Delhi,Mukherjee Nagar,Triple,3,12000,12000,180,Yes,Yes,Yes,Yes,Unfurnished,No,Yes,Yes
Prayagraj,Mumfordganj,Double,2,5900,3000,370,Yes,Yes,No,Yes,Semi Furnished,Yes,Yes,No
Jaipur,Sodala,Double,2,7400,14800,230,No,Yes,No,Yes,Fully Furnished,No,No,Yes
Lucknow,Aliganj,Single,1,12800,19200,150,Yes,Yes,Yes,Yes,Semi Furnished,No,Yes,Yes
Bengaluru,Marathahalli,Single,1,18700,18700,130,Yes,Yes,Yes,Yes,Semi Furnished,No,No,Yes
Lucknow,Aliganj,Double,2,7300,3600,300,No,Yes,No,No,Semi Furnished,Yes,No,Yes
Lucknow,Gomti Nagar,Single,1,14700,22000,170,Yes,No,Yes,No,Semi Furnished,No,No,Yes
Delhi,Hauz Khas,Double,2,15800,7900,280,Yes,Yes,Yes,Yes,Fully Furnished,Yes,Yes,Yes
Mumbai,Powai,Single,1,22600,22600,160,Yes,Yes,Yes,No,Semi Furnished,Yes,Yes,Yes
Bengaluru,Electronic City,Triple,3,9400,4700,210,No,Yes,No,Yes,Fully Furnished,Yes,Yes,Yes
Noida,Sector 16,Single,1,14200,28400,220,No,Yes,No,Yes,Unfurnished,Yes,Yes,Yes
Jaipur,Jagatpura,Double,2,6600,13200,360,No,Yes,Yes,Yes,Fully Furnished,No,Yes,Yes
Pune,Kothrud,Single,1,16600,24900,200,Yes,Yes,Yes,Yes,Fully Furnished,No,Yes,Yes
Hyderabad,Ameerpet,Triple,3,6800,10200,480,Yes,Yes,Yes,Yes,Fully Furnished,Yes,Yes,Yes
Delhi,South Extension,Four Sharing,4,8400,12600,550,No,Yes,No,Yes,Unfurnished,Yes,Yes,No
Hyderabad,Begumpet,Four Sharing,4,7200,14400,240,No,Yes,No,Yes,Fully Furnished,Yes,Yes,Yes
Hyderabad,Secunderabad,Single,1,13300,20000,230,Yes,Yes,No,Yes,Semi Furnished,No,No,No
Gurugram,DLF Phase 2,Single,1,22100,44200,230,Yes,Yes,No,Yes,Fully Furnished,Yes,Yes,Yes
Bengaluru,Bellandur,Double,2,10500,10500,210,Yes,No,No,Yes,Semi Furnished,Yes,Yes,Yes
Jaipur,Gopalpura,Triple,3,5600,5600,450,No,Yes,No,Yes,Fully Furnished,No,No,Yes
Delhi,Dwarka,Single,1,22700,45400,190,No,Yes,No,Yes,Fully Furnished,Yes,Yes,Yes
Delhi,Karol Bagh,Single,1,23300,11600,220,Yes,Yes,No,Yes,Semi Furnished,No,Yes,Yes
Noida,Sector 18,Double,2,8600,8600,280,No,Yes,No,No,Semi Furnished,Yes,Yes,No
Mumbai,Vikhroli,Triple,3,14400,28800,270,Yes,Yes,Yes,Yes,Semi Furnished,No,Yes,No
Delhi,Mukherjee Nagar,Double,2,13300,20000,180,Yes,Yes,Yes,No,Unfurnished,No,Yes,Yes
Mumbai,Ghatkopar,Triple,3,9300,14000,180,Yes,No,No,No,Unfurnished,Yes,Yes,Yes
Jaipur,Gopalpura,Double,2,6300,6300,230,Yes,No,Yes,No,Fully Furnished,No,Yes,Yes
Bengaluru,Koramangala,Double,2,10400,15600,290,Yes,Yes,Yes,Yes,Fully Furnished,No,Yes,Yes
Delhi,Mukherjee Nagar,Double,2,14500,7200,200,Yes,No,No,Yes,Semi Furnished,Yes,No,No
Prayagraj,Ashok Nagar,Double,2,7700,11600,370,Yes,Yes,Yes,Yes,Fully Furnished,No,Yes,Yes
Bengaluru,Koramangala,Triple,3,8400,4200,450,Yes,Yes,No,Yes,Semi Furnished,Yes,No,Yes
Prayagraj,George Town,Triple,3,4300,6400,360,Yes,Yes,No,Yes,Semi Furnished,Yes,Yes,Yes
Noida,Sector 52,Double,2,10000,20000,290,No,Yes,No,Yes,Unfurnished,No,Yes,No
Delhi,Dwarka,Double,2,15800,15800,270,Yes,Yes,Yes,Yes,Semi Furnished,No,No,Yes
Pune,Koregaon Park,Triple,3,8700,4400,350,Yes,Yes,No,No,Fully Furnished,Yes,No,Yes
Lucknow,Aliganj,Single,1,11800,17700,160,No,Yes,No,No,Semi Furnished,Yes,Yes,Yes
Bengaluru,HSR Layout,Single,1,16600,16600,150,Yes,Yes,Yes,No,Semi Furnished,No,Yes,Yes
Lucknow,Jankipuram,Four Sharing,4,5400,5400,500,No,Yes,Yes,Yes,Fully Furnished,Yes,No,Yes
Mumbai,Bandra West,Double,2,16500,8200,150,No,Yes,Yes,Yes,Fully Furnished,Yes,Yes,No
Gurugram,Sector 14,Double,2,17000,34000,250,Yes,Yes,Yes,Yes,Fully Furnished,No,Yes,No
Noida,Sector 137,Triple,3,7600,7600,340,Yes,Yes,No,Yes,Unfurnished,No,No,No
Bengaluru,Koramangala,Single,1,14100,14100,120,No,Yes,No,Yes,Fully Furnished,No,Yes,Yes
Delhi,Mukherjee Nagar,Double,2,16100,16100,250,Yes,Yes,No,Yes,Fully Furnished,No,Yes,Yes
Pune,Hinjewadi,Triple,3,9200,18400,230,No,Yes,Yes,Yes,Semi Furnished,No,No,Yes
Hyderabad,Kondapur,Triple,3,7700,11600,460,Yes,Yes,Yes,Yes,Fully Furnished,Yes,Yes,No
Delhi,Saket,Single,1,27300,13600,130,Yes,Yes,No,Yes,Fully Furnished,Yes,Yes,Yes
Noida,Sector 63,Triple,3,9500,19000,300,Yes,Yes,Yes,Yes,Semi Furnished,Yes,Yes,Yes
Gurugram,Sector 15,Four Sharing,4,9400,9400,480,No,Yes,No,Yes,Fully Furnished,Yes,Yes,Yes
Mumbai,Vikhroli,Single,1,23600,47200,200,Yes,Yes,No,Yes,Fully Furnished,No,No,Yes
Mumbai,Vikhroli,Double,2,16600,24900,280,Yes,Yes,Yes,No,Semi Furnished,No,Yes,Yes
Gurugram,Sector 46,Double,2,14100,14100,350,No,Yes,No,No,Fully Furnished,Yes,No,Yes
Lucknow,Indira Nagar,Double,2,7700,3800,200,No,Yes,Yes,Yes,Fully Furnished,Yes,No,Yes
Noida,Sector 51,Triple,3,8700,8700,270,Yes,Yes,No,Yes,Unfurnished,No,No,Yes
Bengaluru,Indiranagar,Double,2,12100,12100,300,Yes,Yes,Yes,No,Semi Furnished,No,Yes,Yes
Jaipur,Malviya Nagar,Single,1,12000,6000,280,Yes,Yes,Yes,Yes,Semi Furnished,Yes,No,No
Delhi,Laxmi Nagar,Double,2,17500,26200,150,No,Yes,Yes,Yes,Fully Furnished,No,No,Yes
Mumbai,Vikhroli,Triple,3,13600,13600,290,Yes,Yes,Yes,Yes,Fully Furnished,No,Yes,No
Mumbai,Chembur,Four Sharing,4,8700,17400,290,Yes,Yes,No,Yes,Fully Furnished,No,Yes,Yes
Noida,Sector 52,Triple,3,9500,9500,270,Yes,Yes,Yes,Yes,Semi Furnished,Yes,No,Yes
Prayagraj,Tagore Town,Double,2,4600,4600,220,No,Yes,No,Yes,Unfurnished,No,Yes,No
Mumbai,Ghatkopar,Double,2,14300,14300,150,Yes,Yes,No,Yes,Fully Furnished,No,No,Yes
Gurugram,Sector 46,Double,2,15300,23000,230,Yes,Yes,No,Yes,Fully Furnished,No,Yes,Yes
Pune,Wakad,Double,2,11300,22600,330,No,Yes,No,Yes,Fully Furnished,Yes,Yes,Yes
Noida,Sector 137,Single,1,17300,26000,150,No,Yes,Yes,Yes,Fully Furnished,Yes,Yes,Yes
Pune,Hinjewadi,Double,2,8900,8900,390,No,Yes,No,Yes,Semi Furnished,Yes,Yes,No
Delhi,Rohini,Double,2,14400,14400,180,Yes,Yes,Yes,No,Semi Furnished,No,Yes,Yes
Jaipur,Pratap Nagar,Double,2,8000,16000,170,Yes,Yes,No,Yes,Fully Furnished,No,No,Yes
Jaipur,Mansarovar,Triple,3,5300,5300,220,No,No,No,Yes,Fully Furnished,No,Yes,No
Gurugram,Sector 46,Triple,3,9500,9500,450,Yes,Yes,No,Yes,Fully Furnished,No,Yes,No
Delhi,Karol Bagh,Double,2,16700,16700,220,Yes,Yes,Yes,No,Semi Furnished,Yes,Yes,Yes
Gurugram,DLF Phase 2,Double,2,13900,27800,370,Yes,No,Yes,Yes,Fully Furnished,Yes,No,Yes
Hyderabad,Kondapur,Double,2,7700,7700,210,Yes,Yes,No,Yes,Fully Furnished,Yes,Yes,Yes
Prayagraj,Ashok Nagar,Triple,3,4700,4700,360,Yes,Yes,No,No,Fully Furnished,Yes,Yes,Yes
Delhi,Saket,Double,2,15500,23200,190,No,Yes,Yes,Yes,Semi Furnished,Yes,Yes,Yes
Lucknow,Ashiyana,Triple,3,6400,3200,300,No,Yes,Yes,Yes,Fully Furnished,No,Yes,Yes
Delhi,Vijay Nagar,Double,2,13000,26000,340,Yes,Yes,Yes,Yes,Unfurnished,Yes,No,Yes
Delhi,Karol Bagh,Triple,3,10800,10800,260,No,Yes,Yes,Yes,Semi Furnished,Yes,Yes,Yes
Bengaluru,Marathahalli,Single,1,18600,37200,240,No,Yes,Yes,Yes,Fully Furnished,Yes,Yes,No
Noida,Sector 16,Double,2,12100,12100,340,No,Yes,Yes,Yes,Fully Furnished,Yes,Yes,Yes
Delhi,Laxmi Nagar,Single,1,26100,39200,200,No,Yes,Yes,Yes,Fully Furnished,No,Yes,No
Jaipur,Jagatpura,Single,1,9900,9900,210,Yes,No,Yes,Yes,Unfurnished,Yes,No,Yes
Delhi,South Extension,Double,2,12700,12700,330,No,Yes,No,Yes,Semi Furnished,No,No,Yes
Hyderabad,Kondapur,Single,1,12100,18200,150,Yes,Yes,No,No,Fully Furnished,Yes,Yes,Yes
Lucknow,Vikas Nagar,Triple,3,6800,6800,240,Yes,Yes,No,Yes,Fully Furnished,Yes,Yes,No
Delhi,Vijay Nagar,Double,2,16500,16500,240,No,Yes,Yes,Yes,Fully Furnished,Yes,Yes,No
Hyderabad,Miyapur,Double,2,7900,4000,150,No,Yes,No,No,Semi Furnished,Yes,Yes,Yes
Mumbai,Malad,Single,1,25000,50000,270,No,Yes,Yes,Yes,Semi Furnished,No,No,Yes
Mumbai,Ghatkopar,Double,2,14800,7400,390,Yes,Yes,Yes,Yes,Semi Furnished,No,Yes,No
Jaipur,Raja Park,Double,2,6100,9200,330,Yes,No,No,Yes,Fully Furnished,Yes,Yes,No
Hyderabad,Hitech City,Single,1,17700,35400,180,Yes,Yes,Yes,Yes,Semi Furnished,Yes,Yes,Yes
Noida,Sector 18,Single,1,20200,40400,220,No,Yes,Yes,Yes,Fully Furnished,Yes,Yes,No
Bengaluru,Electronic City,Double,2,9600,9600,330,No,Yes,Yes,No,Semi Furnished,No,Yes,Yes
Lucknow,Indira Nagar,Double,2,9100,9100,350,Yes,Yes,Yes,Yes,Fully Furnished,No,Yes,Yes
Bengaluru,Hebbal,Double,2,10700,10700,200,Yes,Yes,No,Yes,Fully Furnished,Yes,Yes,No
Delhi,Rohini,Double,2,19500,29200,330,Yes,Yes,Yes,Yes,Fully Furnished,No,Yes,Yes
Gurugram,Sector 46,Triple,3,11400,5700,260,Yes,Yes,No,No,Semi Furnished,Yes,Yes,No
Delhi,South Extension,Single,1,23900,23900,290,Yes,Yes,Yes,No,Semi Furnished,Yes,Yes,Yes
Delhi,Dwarka,Single,1,25800,38700,170,Yes,Yes,Yes,Yes,Fully Furnished,No,Yes,Yes
Gurugram,Sector 43,Triple,3,10500,21000,250,No,Yes,Yes,Yes,Fully Furnished,Yes,Yes,Yes
Mumbai,Thane,Single,1,27000,27000,250,No,Yes,No,Yes,Semi Furnished,Yes,Yes,Yes
Prayagraj,Old Katra,Single,1,8700,8700,180,Yes,No,No,No,Fully Furnished,Yes,No,No
Bengaluru,BTM Layout,Double,2,11700,23400,150,Yes,No,No,Yes,Fully Furnished,No,No,Yes
Hyderabad,Hitech City,Double,2,9400,4700,330,Yes,Yes,No,Yes,Semi Furnished,Yes,Yes,Yes
Hyderabad,Kukatpally,Double,2,8900,13400,170,No,Yes,No,Yes,Fully Furnished,Yes,Yes,No
Hyderabad,Kondapur,Single,1,11200,11200,140,No,Yes,No,No,Fully Furnished,Yes,Yes,Yes
Pune,Viman Nagar,Triple,3,8000,8000,290,Yes,Yes,No,Yes,Semi Furnished,Yes,Yes,Yes
Bengaluru,Whitefield,Double,2,12600,6300,290,Yes,Yes,Yes,No,Semi Furnished,Yes,Yes,Yes
Noida,Sector 63,Triple,3,8200,4100,310,No,Yes,Yes,No,Semi Furnished,Yes,Yes,Yes
Hyderabad,Kondapur,Double,2,9000,18000,330,Yes,Yes,No,Yes,Fully Furnished,No,Yes,Yes
Jaipur,Mansarovar,Double,2,6800,3400,160,Yes,No,No,Yes,Fully Furnished,No,No,Yes
Pune,Hadapsar,Double,2,11500,5800,190,Yes,Yes,Yes,Yes,Fully Furnished,Yes,No,Yes
Mumbai,Goregaon,Double,2,13400,13400,390,No,Yes,Yes,No,Semi Furnished,Yes,Yes,Yes
Pune,Hadapsar,Single,1,19600,29400,190,No,Yes,Yes,Yes,Fully Furnished,Yes,Yes,No
Gurugram,Sector 43,Triple,3,12500,12500,310,No,Yes,Yes,Yes,Semi Furnished,No,Yes,Yes
Bengaluru,Koramangala,Double,2,12200,6100,300,Yes,Yes,Yes,No,Semi Furnished,Yes,No,Yes
Pune,Viman Nagar,Triple,3,9300,14000,430,Yes,Yes,Yes,Yes,Fully Furnished,No,Yes,Yes
Bengaluru,JP Nagar,Single,1,20100,20100,160,Yes,Yes,Yes,Yes,Fully Furnished,Yes,No,Yes
Noida,Sector 27,Triple,3,9900,9900,340,Yes,Yes,Yes,Yes,Fully Furnished,Yes,No,Yes
Gurugram,Sector 49,Four Sharing,4,11700,11700,390,Yes,Yes,Yes,Yes,Fully Furnished,No,Yes,Yes
Hyderabad,Secunderabad,Single,1,13900,7000,160,Yes,Yes,Yes,Yes,Semi Furnished,No,Yes,Yes
Hyderabad,Ameerpet,Triple,3,7900,15800,350,Yes,Yes,Yes,No,Semi Furnished,Yes,Yes,Yes
Gurugram,Sector 43,Single,1,20500,30800,170,No,Yes,No,Yes,Fully Furnished,Yes,No,Yes
Pune,Aundh,Triple,3,8100,12200,250,Yes,Yes,Yes,Yes,Fully Furnished,Yes,Yes,Yes
Pune,Hadapsar,Double,2,11100,16600,240,Yes,Yes,Yes,No,Fully Furnished,No,Yes,Yes
Prayagraj,Mumfordganj,Double,2,5200,5200,190,No,Yes,No,No,Semi Furnished,Yes,No,Yes
Gurugram,Sector 15,Triple,3,11400,5700,420,Yes,Yes,Yes,Yes,Fully Furnished,Yes,Yes,Yes
Gurugram,Sector 49,Triple,3,9600,4800,400,No,Yes,No,Yes,Fully Furnished,Yes,Yes,No
Pune,Viman Nagar,Double,2,9400,4700,300,No,Yes,No,Yes,Semi Furnished,Yes,Yes,Yes
Hyderabad,Kondapur,Triple,3,7200,10800,310,No,Yes,No,Yes,Semi Furnished,Yes,Yes,Yes
Hyderabad,Kukatpally,Single,1,16300,8200,260,Yes,Yes,Yes,Yes,Semi Furnished,Yes,Yes,Yes
Jaipur,Mansarovar,Single,1,11500,17200,290,Yes,Yes,Yes,Yes,Semi Furnished,No,Yes,No
Mumbai,Vikhroli,Single,1,28700,57400,120,Yes,Yes,Yes,Yes,Semi Furnished,Yes,Yes,No
Pune,Baner,Double,2,9500,4800,360,No,Yes,Yes,No,Semi Furnished,Yes,Yes,Yes
Hyderabad,Kondapur,Single,1,13600,6800,120,Yes,Yes,Yes,No,Semi Furnished,Yes,No,Yes
Pune,Kharadi,Double,2,8400,8400,290,No,Yes,No,No,Fully Furnished,Yes,No,Yes
Hyderabad,Miyapur,Double,2,8500,8500,370,No,Yes,Yes,Yes,Fully Furnished,No,Yes,No
Pune,Kharadi,Four Sharing,4,7100,14200,510,Yes,Yes,No,Yes,Fully Furnished,No,Yes,No
Mumbai,Malad,Single,1,23600,23600,180,No,Yes,No,Yes,Semi Furnished,Yes,Yes,Yes
Mumbai,Andheri East,Double,2,16100,16100,390,Yes,Yes,No,Yes,Fully Furnished,Yes,Yes,No
Bengaluru,Whitefield,Triple,3,8200,4100,370,No,Yes,No,No,Fully Furnished,Yes,Yes,Yes
Mumbai,Chembur,Triple,3,13800,20700,470,Yes,Yes,Yes,Yes,Fully Furnished,Yes,Yes,Yes
Gurugram,Sector 21,Triple,3,12400,24800,490,Yes,Yes,No,Yes,Fully Furnished,Yes,No,No
Gurugram,DLF Phase 3,Double,2,14500,29000,240,Yes,Yes,No,Yes,Fully Furnished,Yes,Yes,Yes
Prayagraj,Mumfordganj,Double,2,6200,6200,150,Yes,Yes,No,Yes,Fully Furnished,Yes,Yes,No
Mumbai,Powai,Single,1,24200,48400,200,Yes,Yes,No,Yes,Fully Furnished,Yes,Yes,Yes
Gurugram,Sector 14,Double,2,12500,12500,250,Yes,Yes,Yes,No,Unfurnished,Yes,Yes,Yes
Gurugram,Sector 21,Double,2,14100,7000,320,Yes,Yes,Yes,No,Fully Furnished,Yes,No,Yes
Gurugram,Sector 49,Double,2,14700,22000,170,Yes,Yes,No,Yes,Fully Furnished,Yes,Yes,Yes
Jaipur,Jagatpura,Triple,3,5200,5200,230,Yes,Yes,Yes,No,Semi Furnished,No,Yes,Yes
Pune,Kharadi,Triple,3,7700,11600,380,No,Yes,Yes,Yes,Semi Furnished,Yes,No,Yes
Jaipur,Vaishali Nagar,Triple,3,5800,2900,260,Yes,Yes,No,Yes,Fully Furnished,Yes,No,Yes
Noida,Sector 16,Single,1,16100,16100,230,Yes,Yes,No,Yes,Fully Furnished,No,Yes,No
Prayagraj,George Town,Single,1,10200,5100,140,No,Yes,No,Yes,Fully Furnished,Yes,No,Yes
Noida,Sector 27,Four Sharing,4,5500,8200,560,Yes,Yes,No,Yes,Fully Furnished,No,Yes,No
Jaipur,Vaishali Nagar,Single,1,10200,15300,130,Yes,Yes,No,No,Semi Furnished,Yes,Yes,Yes
Gurugram,Sector 49,Single,1,22200,33300,240,Yes,Yes,No,No,Semi Furnished,Yes,No,No
Mumbai,Vikhroli,Single,1,26400,13200,180,Yes,Yes,No,Yes,Semi Furnished,No,Yes,Yes
Hyderabad,Hitech City,Single,1,16300,16300,240,Yes,Yes,Yes,Yes,Semi Furnished,Yes,No,Yes
Noida,Sector 27,Single,1,15200,22800,160,Yes,Yes,Yes,Yes,Semi Furnished,Yes,Yes,No
Delhi,Vijay Nagar,Triple,3,11000,11000,380,No,Yes,No,Yes,Semi Furnished,No,No,Yes
Prayagraj,Mumfordganj,Double,2,5200,10400,220,No,Yes,No,No,Semi Furnished,No,Yes,Yes
Gurugram,Sector 14,Single,1,24300,12200,290,No,Yes,Yes,Yes,Unfurnished,No,Yes,Yes
Pune,Hadapsar,Triple,3,9200,13800,480,No,Yes,Yes,No,Fully Furnished,Yes,Yes,Yes
Gurugram,DLF Phase 2,Double,2,17100,17100,340,Yes,Yes,Yes,No,Fully Furnished,Yes,Yes,No
Lucknow,Gomti Nagar,Triple,3,8200,8200,370,Yes,Yes,Yes,Yes,Semi Furnished,Yes,Yes,No
Bengaluru,Bellandur,Single,1,15700,31400,210,No,Yes,Yes,No,Fully Furnished,Yes,Yes,Yes
Hyderabad,Madhapur,Single,1,13600,13600,170,Yes,Yes,Yes,Yes,Fully Furnished,Yes,Yes,Yes
Lucknow,Gomti Nagar,Four Sharing,4,4900,4900,390,No,Yes,Yes,No,Fully Furnished,Yes,Yes,Yes
Bengaluru,BTM Layout,Triple,3,6200,6200,210,Yes,Yes,Yes,No,Unfurnished,No,No,Yes
Prayagraj,Tagore Town,Double,2,5500,11000,310,Yes,Yes,No,Yes,Semi Furnished,No,No,Yes
Delhi,Laxmi Nagar,Double,2,13100,19600,270,No,Yes,No,Yes,Semi Furnished,No,Yes,Yes
Noida,Sector 63,Single,1,21000,10500,120,Yes,Yes,Yes,Yes,Fully Furnished,Yes,Yes,Yes
Gurugram,Sector 46,Single,1,24500,36800,290,No,Yes,Yes,Yes,Semi Furnished,No,Yes,Yes
Lucknow,Ashiyana,Triple,3,6700,3400,470,No,Yes,Yes,Yes,Semi Furnished,Yes,Yes,Yes
Noida,Sector 62,Double,2,9500,9500,250,Yes,Yes,No,Yes,Unfurnished,No,Yes,Yes
Gurugram,DLF Phase 2,Triple,3,10300,10300,380,No,Yes,Yes,No,Semi Furnished,No,Yes,Yes
Mumbai,Goregaon,Triple,3,14700,22000,410,Yes,Yes,Yes,Yes,Semi Furnished,Yes,Yes,Yes
Jaipur,Jagatpura,Triple,3,5700,5700,430,Yes,Yes,Yes,Yes,Fully Furnished,Yes,Yes,Yes
Prayagraj,Naini,Single,1,10400,10400,250,Yes,Yes,Yes,Yes,Semi Furnished,Yes,No,Yes
Gurugram,Sector 44,Single,1,21400,10700,280,No,Yes,Yes,Yes,Unfurnished,No,No,Yes
Mumbai,Bandra West,Single,1,23900,47800,160,No,Yes,No,Yes,Unfurnished,No,Yes,Yes
Gurugram,Sector 15,Single,1,24300,48600,240,No,Yes,Yes,Yes,Semi Furnished,Yes,Yes,No
Prayagraj,Naini,Four Sharing,4,5100,7600,530,Yes,Yes,Yes,Yes,Semi Furnished,Yes,Yes,Yes
Bengaluru,Koramangala,Triple,3,8200,16400,370,Yes,Yes,Yes,Yes,Fully Furnished,No,Yes,Yes
Gurugram,Sector 21,Single,1,26400,39600,250,Yes,Yes,No,Yes,Fully Furnished,No,Yes,Yes
Gurugram,Sector 15,Double,2,13700,27400,380,Yes,Yes,No,Yes,Semi Furnished,Yes,No,Yes
Delhi,Hauz Khas,Double,2,14800,29600,170,Yes,Yes,No,No,Semi Furnished,No,Yes,Yes
Lucknow,Hazratganj,Four Sharing,4,5300,10600,570,Yes,Yes,No,Yes,Fully Furnished,No,Yes,No
Bengaluru,BTM Layout,Double,2,10000,15000,190,No,Yes,No,Yes,Unfurnished,Yes,Yes,Yes
Noida,Sector 16,Triple,3,8000,12000,370,No,Yes,Yes,Yes,Fully Furnished,No,Yes,Yes
Noida,Sector 27,Single,1,16400,16400,270,Yes,Yes,Yes,No,Unfurnished,Yes,Yes,Yes
Prayagraj,Teliarganj,Four Sharing,4,4200,2100,230,Yes,No,No,Yes,Fully Furnished,No,Yes,No
Prayagraj,Salori,Four Sharing,4,3200,4800,290,Yes,Yes,No,No,Fully Furnished,Yes,Yes,Yes
Lucknow,Alambagh,Single,1,11500,5800,130,No,Yes,Yes,Yes,Unfurnished,Yes,Yes,Yes
Gurugram,Sector 15,Four Sharing,4,10100,5000,360,Yes,No,No,No,Semi Furnished,Yes,No,No
Delhi,Rajouri Garden,Single,1,20000,40000,250,Yes,Yes,No,No,Semi Furnished,Yes,Yes,Yes
Delhi,Rohini,Single,1,23600,35400,190,Yes,Yes,No,No,Semi Furnished,No,Yes,Yes
Prayagraj,Old Katra,Single,1,8700,17400,140,Yes,Yes,No,No,Fully Furnished,No,Yes,Yes
Delhi,Hauz Khas,Single,1,23000,34500,270,No,Yes,Yes,Yes,Semi Furnished,Yes,Yes,Yes
Prayagraj,Teliarganj,Triple,3,4300,8600,180,Yes,Yes,Yes,Yes,Fully Furnished,Yes,Yes,Yes
Delhi,Vijay Nagar,Triple,3,10400,10400,280,Yes,Yes,No,Yes,Semi Furnished,No,Yes,Yes
Hyderabad,Begumpet,Triple,3,7800,11700,200,No,Yes,Yes,Yes,Fully Furnished,Yes,Yes,Yes
Noida,Sector 137,Double,2,10000,5000,170,Yes,Yes,Yes,Yes,Semi Furnished,No,Yes,No
Delhi,Dwarka,Triple,3,14200,21300,190,Yes,Yes,Yes,Yes,Semi Furnished,Yes,No,Yes
Noida,Sector 15,Triple,3,9400,18800,270,No,Yes,Yes,Yes,Fully Furnished,Yes,Yes,Yes
Bengaluru,JP Nagar,Double,2,9600,9600,250,No,Yes,Yes,Yes,Semi Furnished,No,Yes,Yes
Noida,Sector 137,Double,2,11500,5800,180,Yes,Yes,Yes,Yes,Semi Furnished,Yes,Yes,Yes
Gurugram,Sector 46,Four Sharing,4,11100,5600,290,Yes,Yes,Yes,Yes,Semi Furnished,Yes,Yes,Yes
Hyderabad,Kondapur,Triple,3,5500,5500,480,Yes,Yes,No,Yes,Fully Furnished,Yes,Yes,No
Jaipur,Jagatpura,Triple,3,6100,3000,450,No,Yes,No,Yes,Fully Furnished,Yes,No,Yes
Prayagraj,Ashok Nagar,Four Sharing,4,3500,3500,540,Yes,Yes,No,No,Semi Furnished,No,No,Yes
Hyderabad,Begumpet,Double,2,8600,8600,390,Yes,Yes,No,No,Fully Furnished,Yes,No,Yes
Gurugram,Sector 17,Single,1,21800,21800,250,Yes,Yes,No,Yes,Fully Furnished,Yes,Yes,Yes
Jaipur,Malviya Nagar,Single,1,10100,5000,250,Yes,Yes,No,Yes,Fully Furnished,No,Yes,Yes
Pune,Wakad,Single,1,18200,27300,250,Yes,Yes,Yes,No,Fully Furnished,Yes,Yes,Yes
Noida,Sector 27,Double,2,10800,10800,380,Yes,Yes,Yes,Yes,Fully Furnished,No,No,Yes
Delhi,Rajouri Garden,Double,2,15200,7600,270,No,Yes,No,No,Fully Furnished,Yes,Yes,Yes
Delhi,Dwarka,Triple,3,15200,15200,240,Yes,Yes,Yes,Yes,Fully Furnished,Yes,No,Yes
Jaipur,Mansarovar,Single,1,9300,14000,120,No,Yes,No,Yes,Fully Furnished,No,Yes,No
Prayagraj,Katra,Double,2,6200,12400,260,Yes,Yes,No,Yes,Fully Furnished,Yes,Yes,Yes
Noida,Sector 15,Triple,3,9000,9000,290,No,Yes,Yes,Yes,Semi Furnished,Yes,Yes,Yes
Noida,Sector 52,Four Sharing,4,5400,8100,270,No,Yes,No,No,Semi Furnished,No,Yes,Yes
Delhi,Saket,Double,2,13700,6800,160,Yes,Yes,No,Yes,Unfurnished,No,Yes,No
Gurugram,Sector 44,Double,2,16700,16700,160,Yes,Yes,Yes,Yes,Semi Furnished,No,Yes,Yes
Delhi,Rohini,Triple,3,11500,23000,230,No,Yes,Yes,Yes,Fully Furnished,Yes,Yes,No
Gurugram,Sector 17,Four Sharing,4,11000,11000,290,No,Yes,No,Yes,Fully Furnished,Yes,Yes,Yes
Prayagraj,Ashok Nagar,Single,1,9600,19200,140,No,Yes,Yes,Yes,Semi Furnished,Yes,No,Yes
Lucknow,Mahanagar,Single,1,14800,14800,130,No,Yes,Yes,No,Fully Furnished,Yes,Yes,Yes
Noida,Sector 15,Single,1,21700,21700,150,Yes,No,Yes,Yes,Fully Furnished,Yes,Yes,Yes
Gurugram,Sector 46,Double,2,11100,22200,290,Yes,Yes,No,No,Unfurnished,Yes,Yes,No
Delhi,South Extension,Double,2,13800,13800,390,Yes,Yes,No,Yes,Semi Furnished,Yes,Yes,Yes
Mumbai,Goregaon,Triple,3,11400,5700,300,No,Yes,No,Yes,Unfurnished,Yes,Yes,Yes
Prayagraj,George Town,Four Sharing,4,3700,3700,330,Yes,Yes,Yes,Yes,Fully Furnished,No,Yes,Yes
Pune,Wakad,Single,1,15600,15600,270,Yes,Yes,Yes,No,Semi Furnished,No,Yes,Yes
Hyderabad,Kondapur,Double,2,9400,9400,350,Yes,Yes,Yes,Yes,Fully Furnished,Yes,Yes,Yes
Noida,Sector 76,Triple,3,8200,8200,320,Yes,Yes,Yes,No,Semi Furnished,Yes,Yes,No
Mumbai,Powai,Single,1,24400,24400,290,No,Yes,Yes,No,Fully Furnished,Yes,Yes,Yes
Lucknow,Indira Nagar,Four Sharing,4,5300,2600,310,Yes,Yes,Yes,Yes,Unfurnished,Yes,Yes,Yes
Delhi,Rajouri Garden,Double,2,17300,8600,340,Yes,Yes,Yes,Yes,Fully Furnished,No,Yes,Yes
Prayagraj,Allahpur,Triple,3,3800,7600,250,Yes,Yes,No,No,Semi Furnished,Yes,No,Yes
Delhi,South Extension,Double,2,14600,14600,370,Yes,Yes,No,Yes,Semi Furnished,No,Yes,Yes
Delhi,Laxmi Nagar,Double,2,16300,16300,230,Yes,Yes,Yes,Yes,Fully Furnished,No,Yes,No
Bengaluru,Indiranagar,Double,2,9100,9100,270,Yes,Yes,No,Yes,Semi Furnished,No,No,No
Gurugram,Sector 49,Single,1,21800,21800,180,Yes,Yes,No,No,Fully Furnished,Yes,Yes,Yes
Noida,Sector 51,Triple,3,7700,15400,330,Yes,Yes,No,Yes,Fully Furnished,Yes,Yes,Yes
Gurugram,Sector 44,Triple,3,8400,8400,360,Yes,Yes,Yes,No,Unfurnished,No,Yes,No
Hyderabad,Gachibowli,Double,2,8000,12000,240,No,Yes,No,Yes,Fully Furnished,Yes,Yes,Yes
Jaipur,Gopalpura,Double,2,8400,4200,220,Yes,Yes,No,Yes,Semi Furnished,Yes,Yes,Yes
Gurugram,DLF Phase 3,Single,1,21000,10500,270,No,No,Yes,No,Fully Furnished,Yes,No,Yes
Hyderabad,Kukatpally,Triple,3,5300,8000,330,No,Yes,Yes,No,Unfurnished,No,Yes,No
Prayagraj,George Town,Double,2,5700,8600,150,Yes,Yes,No,No,Semi Furnished,Yes,Yes,Yes
Prayagraj,Old Katra,Triple,3,4900,7400,410,No,Yes,Yes,Yes,Semi Furnished,Yes,Yes,Yes
Hyderabad,Begumpet,Triple,3,6000,6000,380,No,Yes,No,Yes,Fully Furnished,No,Yes,Yes
Bengaluru,HSR Layout,Four Sharing,4,6100,3000,400,Yes,Yes,No,No,Fully Furnished,Yes,Yes,Yes
Jaipur,Tonk Road,Single,1,11300,17000,230,Yes,Yes,No,Yes,Fully Furnished,Yes,Yes,Yes
Delhi,South Extension,Double,2,12100,12100,300,No,Yes,Yes,No,Semi Furnished,No,Yes,Yes
Delhi,Karol Bagh,Triple,3,11400,11400,350,No,Yes,No,Yes,Fully Furnished,Yes,Yes,Yes
Gurugram,Sector 14,Single,1,26700,13400,280,No,Yes,Yes,Yes,Fully Furnished,No,Yes,Yes
Noida,Sector 52,Triple,3,8200,16400,410,Yes,Yes,No,Yes,Semi Furnished,Yes,Yes,No
Hyderabad,Manikonda,Single,1,13900,20800,270,Yes,Yes,Yes,Yes,Fully Furnished,No,Yes,Yes
Hyderabad,Ameerpet,Triple,3,5200,5200,390,Yes,Yes,No,Yes,Unfurnished,Yes,Yes,No
Mumbai,Bandra West,Triple,3,11900,6000,320,No,No,No,No,Semi Furnished,No,No,Yes
Pune,FC Road,Double,2,10500,10500,350,No,Yes,Yes,No,Fully Furnished,Yes,No,Yes
Delhi,Mukherjee Nagar,Single,1,28300,42400,240,Yes,Yes,Yes,Yes,Fully Furnished,Yes,Yes,Yes
Pune,Hinjewadi,Double,2,10200,15300,370,No,Yes,Yes,Yes,Semi Furnished,Yes,Yes,Yes
Lucknow,Jankipuram,Triple,3,5200,10400,470,No,Yes,No,No,Semi Furnished,Yes,Yes,Yes
Gurugram,Sector 44,Triple,3,10700,21400,390,No,Yes,Yes,Yes,Semi Furnished,Yes,Yes,Yes
Pune,Wakad,Double,2,10000,15000,230,Yes,Yes,Yes,No,Semi Furnished,No,No,Yes
Gurugram,Sector 14,Double,2,14200,21300,260,Yes,Yes,Yes,Yes,Fully Furnished,No,No,Yes
Delhi,Hauz Khas,Single,1,23300,35000,280,Yes,Yes,Yes,Yes,Fully Furnished,No,Yes,Yes
Delhi,Rohini,Single,1,30500,30500,270,No,Yes,Yes,Yes,Fully Furnished,Yes,Yes,Yes
Noida,Sector 15,Double,2,8800,8800,230,Yes,Yes,No,Yes,Fully Furnished,Yes,No,Yes
Gurugram,Sector 43,Triple,3,14200,14200,480,Yes,No,Yes,Yes,Fully Furnished,Yes,Yes,Yes
Noida,Sector 62,Single,1,17000,17000,190,Yes,Yes,Yes,Yes,Fully Furnished,Yes,Yes,Yes
Pune,Koregaon Park,Double,2,8600,8600,330,Yes,Yes,No,No,Unfurnished,Yes,Yes,Yes
Delhi,Rajouri Garden,Single,1,26700,53400,250,Yes,Yes,No,Yes,Semi Furnished,No,Yes,Yes
Lucknow,Jankipuram,Triple,3,6200,9300,390,No,No,Yes,Yes,Fully Furnished,No,No,Yes
Delhi,Rajouri Garden,Double,2,14100,21200,290,No,Yes,No,No,Semi Furnished,Yes,Yes,Yes
Gurugram,Sector 15,Four Sharing,4,9800,19600,220,Yes,Yes,Yes,Yes,Fully Furnished,Yes,Yes,No
Hyderabad,Kukatpally,Triple,3,5700,5700,280,Yes,Yes,No,Yes,Semi Furnished,Yes,Yes,Yes
Jaipur,Mansarovar,Single,1,10700,10700,180,No,Yes,Yes,Yes,Unfurnished,No,Yes,Yes
Hyderabad,Manikonda,Double,2,10400,5200,220,No,Yes,Yes,Yes,Semi Furnished,No,Yes,Yes
Lucknow,Jankipuram,Double,2,8200,16400,300,No,Yes,No,No,Semi Furnished,No,Yes,Yes
Pune,Aundh,Four Sharing,4,6400,6400,590,Yes,Yes,Yes,No,Fully Furnished,Yes,No,Yes
Bengaluru,BTM Layout,Double,2,8900,17800,330,No,No,No,Yes,Unfurnished,No,No,Yes
Gurugram,DLF Phase 3,Double,2,12100,12100,350,No,Yes,No,No,Fully Furnished,Yes,Yes,Yes
Mumbai,Malad,Double,2,15000,30000,340,No,Yes,Yes,No,Fully Furnished,Yes,Yes,Yes
Gurugram,DLF Phase 3,Double,2,13600,20400,300,Yes,Yes,No,Yes,Semi Furnished,No,No,Yes
Prayagraj,Dhoomanganj,Double,2,5600,11200,230,No,Yes,No,Yes,Fully Furnished,Yes,Yes,Yes
Delhi,South Extension,Four Sharing,4,10200,10200,280,Yes,Yes,Yes,Yes,Fully Furnished,No,Yes,Yes
Prayagraj,Katra,Single,1,8500,4200,270,No,Yes,Yes,Yes,Fully Furnished,No,Yes,Yes
Gurugram,Sector 46,Double,2,16500,16500,320,Yes,Yes,Yes,No,Semi Furnished,Yes,Yes,Yes
Hyderabad,Madhapur,Triple,3,6900,10400,240,No,Yes,No,Yes,Unfurnished,Yes,Yes,No
Mumbai,Thane,Triple,3,10800,16200,350,Yes,Yes,No,Yes,Fully Furnished,No,Yes,No
Noida,Sector 51,Single,1,17600,17600,160,No,Yes,Yes,Yes,Semi Furnished,No,No,Yes
Prayagraj,Teliarganj,Double,2,5600,8400,180,Yes,Yes,Yes,Yes,Semi Furnished,Yes,Yes,No
Noida,Sector 16,Double,2,11700,17600,300,No,Yes,No,Yes,Semi Furnished,Yes,Yes,Yes
Bengaluru,Whitefield,Double,2,12200,12200,220,Yes,Yes,Yes,Yes,Semi Furnished,No,Yes,Yes
Lucknow,Jankipuram,Triple,3,6300,12600,330,Yes,No,No,Yes,Fully Furnished,No,Yes,Yes
Gurugram,Sector 49,Double,2,14400,21600,240,No,No,Yes,Yes,Fully Furnished,No,Yes,Yes
Delhi,Rohini,Double,2,16800,8400,200,Yes,Yes,Yes,Yes,Semi Furnished,No,Yes,No
Delhi,Mukherjee Nagar,Triple,3,12200,24400,270,Yes,Yes,No,Yes,Semi Furnished,Yes,Yes,No
Pune,Koregaon Park,Single,1,15700,15700,180,No,Yes,Yes,Yes,Semi Furnished,No,No,No
Noida,Sector 52,Single,1,16100,16100,230,No,Yes,Yes,Yes,Fully Furnished,Yes,No,Yes
Jaipur,Malviya Nagar,Triple,3,4700,2400,300,No,Yes,No,No,Semi Furnished,No,Yes,Yes
Delhi,Dwarka,Triple,3,12800,12800,240,Yes,Yes,No,Yes,Semi Furnished,Yes,Yes,Yes
Prayagraj,Civil Lines,Single,1,9500,4800,130,Yes,Yes,No,Yes,Semi Furnished,No,Yes,Yes
Jaipur,Tonk Road,Triple,3,6000,12000,450,No,Yes,No,Yes,Semi Furnished,No,Yes,Yes
Noida,Sector 15,Triple,3,6400,9600,370,Yes,Yes,No,Yes,Semi Furnished,Yes,No,No
Lucknow,Hazratganj,Double,2,7200,7200,150,Yes,Yes,Yes,Yes,Semi Furnished,Yes,Yes,No
Hyderabad,Gachibowli,Double,2,9500,4800,340,No,Yes,Yes,Yes,Unfurnished,No,No,Yes
Hyderabad,Miyapur,Four Sharing,4,5900,8800,360,Yes,Yes,Yes,Yes,Fully Furnished,Yes,Yes,Yes
Noida,Sector 52,Triple,3,7300,11000,330,Yes,Yes,No,No,Fully Furnished,No,Yes,Yes
Gurugram,DLF Phase 2,Single,1,24100,24100,210,Yes,Yes,No,No,Semi Furnished,Yes,No,Yes
Pune,Koregaon Park,Double,2,10600,15900,190,Yes,Yes,Yes,Yes,Fully Furnished,Yes,No,Yes
Bengaluru,Hebbal,Double,2,12700,12700,200,Yes,Yes,Yes,Yes,Fully Furnished,No,No,Yes
Delhi,Karol Bagh,Double,2,15300,7600,150,Yes,Yes,No,Yes,Semi Furnished,No,Yes,Yes
Bengaluru,Koramangala,Single,1,15500,23200,180,No,No,No,No,Fully Furnished,No,Yes,Yes
Lucknow,Hazratganj,Double,2,7100,7100,360,Yes,Yes,Yes,No,Unfurnished,Yes,Yes,No
Jaipur,Jagatpura,Four Sharing,4,4900,4900,350,No,Yes,Yes,Yes,Semi Furnished,No,Yes,Yes
Pune,Viman Nagar,Single,1,16200,16200,260,Yes,Yes,No,Yes,Semi Furnished,No,Yes,Yes
Delhi,Hauz Khas,Triple,3,11300,5600,210,No,Yes,No,Yes,Fully Furnished,Yes,Yes,Yes
Hyderabad,Hitech City,Triple,3,5600,2800,400,No,Yes,Yes,No,Fully Furnished,No,Yes,Yes
Noida,Sector 137,Double,2,9200,13800,350,No,Yes,Yes,Yes,Semi Furnished,No,Yes,Yes
Jaipur,C-Scheme,Double,2,7400,3700,270,No,No,Yes,Yes,Semi Furnished,No,Yes,No
Noida,Sector 16,Single,1,17700,26600,230,No,Yes,Yes,Yes,Semi Furnished,Yes,Yes,Yes
Delhi,Hauz Khas,Double,2,18000,18000,340,Yes,Yes,Yes,No,Fully Furnished,No,Yes,Yes
Bengaluru,Whitefield,Triple,3,7300,3600,400,No,Yes,No,No,Semi Furnished,No,Yes,Yes
Prayagraj,Naini,Four Sharing,4,4500,6800,460,Yes,Yes,Yes,Yes,Fully Furnished,Yes,Yes,Yes
Mumbai,Chembur,Double,2,16600,33200,350,Yes,Yes,Yes,Yes,Semi Furnished,No,No,Yes
Prayagraj,Allahpur,Double,2,5200,5200,220,No,Yes,No,Yes,Semi Furnished,Yes,Yes,Yes
Jaipur,Gopalpura,Single,1,11700,11700,190,Yes,Yes,Yes,Yes,Unfurnished,No,No,Yes
Pune,Hinjewadi,Triple,3,9500,9500,220,Yes,No,Yes,Yes,Fully Furnished,Yes,Yes,Yes
Lucknow,Jankipuram,Double,2,9300,14000,250,Yes,Yes,Yes,Yes,Fully Furnished,No,Yes,Yes
Hyderabad,Begumpet,Double,2,7400,7400,180,No,Yes,Yes,Yes,Fully Furnished,No,Yes,No
Jaipur,Sodala,Four Sharing,4,4600,9200,480,No,Yes,Yes,Yes,Unfurnished,Yes,Yes,No
